,Unnamed: 7,Unnamed: 9,v_tri_state_industries.DATA_SET,v_tri_state_industries.NAICS_DESCRIPTION,v_tri_state_industries.NUMBER_OF_CHEMICALS,v_tri_state_industries.ON_OFF_SITE_DISP_OR_OTHER_REL,v_tri_state_industries.ST,v_tri_state_industries.TRI_NAICS_CODE,v_tri_state_industries.YEAR,v_tri_state_onsite_releases.DATA_SET,v_tri_state_onsite_releases.OFF_SITE_DISP_OR_OTHER_REL,v_tri_state_onsite_releases.ON_OFF_SITE_DISP_OR_OTHER_REL,v_tri_state_onsite_releases.ON_SITE_AIR,v_tri_state_onsite_releases.ON_SITE_DISP_OR_OTHER_REL,v_tri_state_onsite_releases.ON_SITE_LAND,v_tri_state_onsite_releases.ON_SITE_WATER,v_tri_state_onsite_releases.ST,v_tri_state_onsite_releases.YEAR
0,,,INFO,NAICS 324 - Petroleum,41.0,166205.82470078336,AL,324.0,2017.0,,,,,,,,,
1,,,INFO,NAICS 325 - Chemicals,132.0,7387335.086909941,AL,325.0,2017.0,,,,,,,,,
2,,,INFO,NAICS 322 - Paper,27.0,19301911.50116843,AL,322.0,2017.0,,,,,,,,,
3,,,INFO,NAICS 332 - Fabricated Metals,35.0,1172274.0368984,AL,332.0,2017.0,,,,,,,,,
4,,,INFO,NAICS 321 - Wood Products,19.0,481414.05625789973,AL,321.0,2017.0,,,,,,,,,
5,,,INFO,NAICS 2211 - Electric Utilities,20.0,9050848.700008761,AL,2211.0,2017.0,,,,,,,,,
6,,,INFO,NAICS 333 - Machinery,16.0,21100.9,AL,333.0,2017.0,,,,,,,,,
7,,,INFO,NAICS 313 - Textiles,3.0,37960.0,AL,313.0,2017.0,,,,,,,,,
8,,,INFO,NAICS 339 - Miscellaneous Manufacturing,18.0,139126.6450212,AL,339.0,2017.0,,,,,,,,,
9,,,INFO,NAICS 4246 - Chemical Wholesalers,15.0,5650.0,AL,4246.0,2017.0,,,,,,,,,
10,,,INFO,NAICS 331 - Primary Metals,53.0,20200917.75713542,AL,331.0,2017.0,,,,,,,,,
11,,,INFO,NAICS 327 - Nonmetallic Mineral Product,23.0,1098474.140259939,AL,327.0,2017.0,,,,,,,,,
12,,,INFO,NAICS 562 - Hazardous Waste,42.0,12788501.6042,AL,562.0,2017.0,,,,,,,,,
13,,,INFO,NAICS 2121 - Coal Mining,3.0,152826.12,AL,2121.0,2017.0,,,,,,,,,
14,,,INFO,NAICS 326 - Plastics and Rubber,23.0,1222402.5403,AL,326.0,2017.0,,,,,,,,,
15,,,INFO,NAICS 4247 - Petroleum Bulk Terminals,17.0,31544.972303,AL,4247.0,2017.0,,,,,,,,,
16,,,INFO,NAICS 335 - Electrical Equipment,9.0,44090.66,AL,335.0,2017.0,,,,,,,,,
17,,,INFO,NAICS 314 - Textile Product,2.0,0.0,AL,314.0,2017.0,,,,,,,,,
18,,,INFO,NAICS 311 - Food,13.0,6075657.726,AL,311.0,2017.0,,,,,,,,,
19,,,INFO,NAICS 999 - Other,26.0,544877.642705145,AL,999.0,2017.0,,,,,,,,,
20,,,INFO,NAICS 336 - Transportation Equipment,40.0,1109441.173204,AL,336.0,2017.0,,,,,,,,,
21,,,INFO,NAICS 337 - Furniture,12.0,593376.9378,AL,337.0,2017.0,,,,,,,,,
22,,,INFO,NAICS 334 - Computers/Electronics Products,5.0,29870.9325,AL,334.0,2017.0,,,,,,,,,
0,,,INFO,NAICS 2122 - Metal Mining,32.0,1173367276.6250012,AK,2122.0,2017.0,,,,,,,,,
1,,,INFO,NAICS 311 - Food,3.0,0.0,AK,311.0,2017.0,,,,,,,,,
2,,,INFO,NAICS 336 - Transportation Equipment,1.0,0.1141,AK,336.0,2017.0,,,,,,,,,
3,,,INFO,NAICS 2211 - Electric Utilities,13.0,330351.374,AK,2211.0,2017.0,,,,,,,,,
4,,,INFO,NAICS 4247 - Petroleum Bulk Terminals,12.0,3534.3474950000004,AK,4247.0,2017.0,,,,,,,,,
5,,,INFO,NAICS 2121 - Coal Mining,4.0,103673.55,AK,2121.0,2017.0,,,,,,,,,
6,,,INFO,NAICS 4246 - Chemical Wholesalers,7.0,690.0,AK,4246.0,2017.0,,,,,,,,,
7,,,INFO,NAICS 999 - Other,13.0,517992.5243428866,AK,999.0,2017.0,,,,,,,,,
8,,,INFO,NAICS 324 - Petroleum,20.0,53303.55190006136,AK,324.0,2017.0,,,,,,,,,
9,,,INFO,NAICS 325 - Chemicals,1.0,10.0,AK,325.0,2017.0,,,,,,,,,
0,,,INFO,NAICS 324 - Petroleum,15.0,2110.84505,AZ,324.0,2017.0,,,,,,,,,
1,,,INFO,NAICS 326 - Plastics and Rubber,8.0,251353.0,AZ,326.0,2017.0,,,,,,,,,
2,,,INFO,NAICS 327 - Nonmetallic Mineral Product,21.0,20622.861924941233,AZ,327.0,2017.0,,,,,,,,,
3,,,INFO,NAICS 339 - Miscellaneous Manufacturing,3.0,4976.714985399999,AZ,339.0,2017.0,,,,,,,,,
4,,,INFO,NAICS 2211 - Electric Utilities,30.0,5787286.121058362,AZ,2211.0,2017.0,,,,,,,,,
5,,,INFO,NAICS 325 - Chemicals,47.0,130556.2388,AZ,325.0,2017.0,,,,,,,,,
6,,,INFO,NAICS 334 - Computers/Electronics Products,26.0,345188.924,AZ,334.0,2017.0,,,,,,,,,
7,,,INFO,NAICS 2122 - Metal Mining,34.0,62356296.039386325,AZ,2122.0,2017.0,,,,,,,,,
8,,,INFO,NAICS 337 - Furniture,6.0,33560.8933,AZ,337.0,2017.0,,,,,,,,,
9,,,INFO,NAICS 4246 - Chemical Wholesalers,13.0,2719.58,AZ,4246.0,2017.0,,,,,,,,,
10,,,INFO,NAICS 3121 - Beverages,1.0,1533.0,AZ,3121.0,2017.0,,,,,,,,,
11,,,INFO,NAICS 4247 - Petroleum Bulk Terminals,16.0,14990.134056,AZ,4247.0,2017.0,,,,,,,,,
12,,,INFO,NAICS 311 - Food,6.0,140797.7,AZ,311.0,2017.0,,,,,,,,,
13,,,INFO,NAICS 333 - Machinery,14.0,2094.0860000000002,AZ,333.0,2017.0,,,,,,,,,
14,,,INFO,NAICS 331 - Primary Metals,26.0,31391458.33990456,AZ,331.0,2017.0,,,,,,,,,
15,,,INFO,NAICS 332 - Fabricated Metals,21.0,272857.66386,AZ,332.0,2017.0,,,,,,,,,
16,,,INFO,NAICS 999 - Other,15.0,94563.93400000001,AZ,999.0,2017.0,,,,,,,,,
17,,,INFO,NAICS 321 - Wood Products,1.0,0.0,AZ,321.0,2017.0,,,,,,,,,
18,,,INFO,NAICS 322 - Paper,7.0,29988.4,AZ,322.0,2017.0,,,,,,,,,
19,,,INFO,NAICS 562 - Hazardous Waste,14.0,1119.6938971,AZ,562.0,2017.0,,,,,,,,,
20,,,INFO,NAICS 335 - Electrical Equipment,6.0,1677.91,AZ,335.0,2017.0,,,,,,,,,
21,,,INFO,NAICS 336 - Transportation Equipment,14.0,27767.6143,AZ,336.0,2017.0,,,,,,,,,
0,,,INFO,NAICS 2211 - Electric Utilities,19.0,4723269.390021714,AR,2211.0,2017.0,,,,,,,,,
1,,,INFO,NAICS 311 - Food,17.0,4717031.0012,AR,311.0,2017.0,,,,,,,,,
2,,,INFO,NAICS 321 - Wood Products,19.0,674132.0896184755,AR,321.0,2017.0,,,,,,,,,
3,,,INFO,NAICS 324 - Petroleum,36.0,492138.6211,AR,324.0,2017.0,,,,,,,,,
4,,,INFO,NAICS 326 - Plastics and Rubber,26.0,1992400.6184862999,AR,326.0,2017.0,,,,,,,,,
5,,,INFO,NAICS 332 - Fabricated Metals,36.0,998367.703559,AR,332.0,2017.0,,,,,,,,,
6,,,INFO,NAICS 314 - Textile Product,5.0,38613.29,AR,314.0,2017.0,,,,,,,,,
7,,,INFO,NAICS 336 - Transportation Equipment,21.0,490797.70399999997,AR,336.0,2017.0,,,,,,,,,
8,,,INFO,NAICS 337 - Furniture,6.0,17087.24,AR,337.0,2017.0,,,,,,,,,
9,,,INFO,NAICS 335 - Electrical Equipment,17.0,45337.8532799,AR,335.0,2017.0,,,,,,,,,
10,,,INFO,NAICS 327 - Nonmetallic Mineral Product,43.0,540568.110632074,AR,327.0,2017.0,,,,,,,,,
11,,,INFO,NAICS 334 - Computers/Electronics Products,6.0,1322.077758,AR,334.0,2017.0,,,,,,,,,
12,,,INFO,NAICS 325 - Chemicals,99.0,2952429.858550541,AR,325.0,2017.0,,,,,,,,,
13,,,INFO,NAICS 4247 - Petroleum Bulk Terminals,12.0,22422.1456692,AR,4247.0,2017.0,,,,,,,,,
14,,,INFO,NAICS 562 - Hazardous Waste,185.0,2394336.0500295125,AR,562.0,2017.0,,,,,,,,,
15,,,INFO,NAICS 323 - Printing,4.0,6090.7,AR,323.0,2017.0,,,,,,,,,
16,,,INFO,NAICS 4246 - Chemical Wholesalers,3.0,512.9,AR,4246.0,2017.0,,,,,,,,,
17,,,INFO,NAICS 322 - Paper,27.0,9648337.301771112,AR,322.0,2017.0,,,,,,,,,
18,,,INFO,NAICS 333 - Machinery,14.0,100500.9649,AR,333.0,2017.0,,,,,,,,,
19,,,INFO,NAICS 999 - Other,8.0,852776.18,AR,999.0,2017.0,,,,,,,,,
20,,,INFO,NAICS 331 - Primary Metals,32.0,2140030.6573651526,AR,331.0,2017.0,,,,,,,,,
0,,,INFO,NAICS 334 - Computers/Electronics Products,29.0,467097.46906940005,CA,334.0,2017.0,,,,,,,,,
1,,,INFO,NAICS 323 - Printing,3.0,30818.2,CA,323.0,2017.0,,,,,,,,,
2,,,INFO,NAICS 4246 - Chemical Wholesalers,40.0,37331.352999999996,CA,4246.0,2017.0,,,,,,,,,
3,,,INFO,NAICS 3121 - Beverages,3.0,112759.3552,CA,3121.0,2017.0,,,,,,,,,
4,,,INFO,NAICS 332 - Fabricated Metals,39.0,925468.5306634001,CA,332.0,2017.0,,,,,,,,,
5,,,INFO,NAICS 336 - Transportation Equipment,46.0,849723.8922596,CA,336.0,2017.0,,,,,,,,,
6,,,INFO,NAICS 314 - Textile Product,1.0,1.5543,CA,314.0,2017.0,,,,,,,,,
7,,,INFO,NAICS 325 - Chemicals,133.0,2410085.351000946,CA,325.0,2017.0,,,,,,,,,
8,,,INFO,NAICS 324 - Petroleum,61.0,7007174.94033942,CA,324.0,2017.0,,,,,,,,,
9,,,INFO,NAICS 326 - Plastics and Rubber,25.0,711406.5902600001,CA,326.0,2017.0,,,,,,,,,
10,,,INFO,NAICS 999 - Other,60.0,1719242.5295400003,CA,999.0,2017.0,,,,,,,,,
11,,,INFO,NAICS 327 - Nonmetallic Mineral Product,25.0,420226.21514859714,CA,327.0,2017.0,,,,,,,,,
12,,,INFO,NAICS 313 - Textiles,9.0,55174.98,CA,313.0,2017.0,,,,,,,,,
13,,,INFO,NAICS 322 - Paper,7.0,78574.43856255771,CA,322.0,2017.0,,,,,,,,,
14,,,INFO,NAICS 2211 - Electric Utilities,6.0,35455.65,CA,2211.0,2017.0,,,,,,,,,
15,,,INFO,NAICS 311 - Food,19.0,3440938.6939999997,CA,311.0,2017.0,,,,,,,,,
16,,,INFO,NAICS 335 - Electrical Equipment,13.0,197048.1996204,CA,335.0,2017.0,,,,,,,,,
17,,,INFO,NAICS 562 - Hazardous Waste,54.0,10154989.612370033,CA,562.0,2017.0,,,,,,,,,
18,,,INFO,NAICS 4247 - Petroleum Bulk Terminals,45.0,61082.92151,CA,4247.0,2017.0,,,,,,,,,
19,,,INFO,NAICS 321 - Wood Products,11.0,221340.94200826238,CA,321.0,2017.0,,,,,,,,,
20,,,INFO,NAICS 337 - Furniture,1.0,0.0,CA,337.0,2017.0,,,,,,,,,
21,,,INFO,NAICS 331 - Primary Metals,35.0,3526527.2301169396,CA,331.0,2017.0,,,,,,,,,
22,,,INFO,NAICS 339 - Miscellaneous Manufacturing,16.0,39779.18,CA,339.0,2017.0,,,,,,,,,
23,,,INFO,NAICS 333 - Machinery,16.0,21172.019,CA,333.0,2017.0,,,,,,,,,
24,,,INFO,NAICS 2122 - Metal Mining,7.0,26517.8299,CA,2122.0,2017.0,,,,,,,,,
0,,,INFO,NAICS 327 - Nonmetallic Mineral Product,26.0,632523.8523663403,CO,327.0,2017.0,,,,,,,,,
1,,,INFO,NAICS 326 - Plastics and Rubber,3.0,112225.14,CO,326.0,2017.0,,,,,,,,,
2,,,INFO,NAICS 322 - Paper,2.0,53638.3,CO,322.0,2017.0,,,,,,,,,
3,,,INFO,NAICS 333 - Machinery,13.0,35.034,CO,333.0,2017.0,,,,,,,,,
4,,,INFO,NAICS 2211 - Electric Utilities,19.0,7846953.924725161,CO,2211.0,2017.0,,,,,,,,,
5,,,INFO,NAICS 339 - Miscellaneous Manufacturing,5.0,78987.6,CO,339.0,2017.0,,,,,,,,,
6,,,INFO,NAICS 999 - Other,10.0,613371.2220000001,CO,999.0,2017.0,,,,,,,,,
7,,,INFO,NAICS 331 - Primary Metals,19.0,199083.7050410277,CO,331.0,2017.0,,,,,,,,,
8,,,INFO,NAICS 332 - Fabricated Metals,23.0,745060.95855,CO,332.0,2017.0,,,,,,,,,
9,,,INFO,NAICS 4246 - Chemical Wholesalers,19.0,11994.5,CO,4246.0,2017.0,,,,,,,,,
10,,,INFO,NAICS 323 - Printing,1.0,14720.0,CO,323.0,2017.0,,,,,,,,,
11,,,INFO,NAICS 335 - Electrical Equipment,1.0,0.0,CO,335.0,2017.0,,,,,,,,,
12,,,INFO,NAICS 324 - Petroleum,32.0,145927.07010044446,CO,324.0,2017.0,,,,,,,,,
13,,,INFO,NAICS 2122 - Metal Mining,12.0,17716753.0,CO,2122.0,2017.0,,,,,,,,,
14,,,INFO,NAICS 321 - Wood Products,5.0,2805.4,CO,321.0,2017.0,,,,,,,,,
15,,,INFO,NAICS 325 - Chemicals,47.0,233993.944968,CO,325.0,2017.0,,,,,,,,,
16,,,INFO,NAICS 337 - Furniture,6.0,96193.489,CO,337.0,2017.0,,,,,,,,,
17,,,INFO,NAICS 334 - Computers/Electronics Products,17.0,101771.0500311,CO,334.0,2017.0,,,,,,,,,
18,,,INFO,NAICS 336 - Transportation Equipment,10.0,5068.74,CO,336.0,2017.0,,,,,,,,,
19,,,INFO,NAICS 4247 - Petroleum Bulk Terminals,15.0,18353.563000000002,CO,4247.0,2017.0,,,,,,,,,
20,,,INFO,NAICS 2121 - Coal Mining,9.0,1062107.7803,CO,2121.0,2017.0,,,,,,,,,
21,,,INFO,NAICS 311 - Food,9.0,1245591.287,CO,311.0,2017.0,,,,,,,,,
22,,,INFO,NAICS 3121 - Beverages,5.0,217326.0,CO,3121.0,2017.0,,,,,,,,,
23,,,INFO,NAICS 562 - Hazardous Waste,24.0,973085.05,CO,562.0,2017.0,,,,,,,,,
0,,,INFO,NAICS 333 - Machinery,8.0,32958.276,CT,333.0,2017.0,,,,,,,,,
1,,,INFO,NAICS 562 - Hazardous Waste,9.0,166323.66,CT,562.0,2017.0,,,,,,,,,
2,,,INFO,NAICS 325 - Chemicals,56.0,267036.3647,CT,325.0,2017.0,,,,,,,,,
3,,,INFO,NAICS 331 - Primary Metals,21.0,167210.83671,CT,331.0,2017.0,,,,,,,,,
4,,,INFO,NAICS 336 - Transportation Equipment,18.0,181171.061718,CT,336.0,2017.0,,,,,,,,,
5,,,INFO,NAICS 313 - Textiles,6.0,72317.0,CT,313.0,2017.0,,,,,,,,,
6,,,INFO,NAICS 321 - Wood Products,2.0,469.46,CT,321.0,2017.0,,,,,,,,,
7,,,INFO,NAICS 326 - Plastics and Rubber,12.0,50218.77,CT,326.0,2017.0,,,,,,,,,
8,,,INFO,NAICS 322 - Paper,7.0,18054.3402,CT,322.0,2017.0,,,,,,,,,
9,,,INFO,NAICS 323 - Printing,3.0,630.21,CT,323.0,2017.0,,,,,,,,,
10,,,INFO,NAICS 327 - Nonmetallic Mineral Product,9.0,4367.27,CT,327.0,2017.0,,,,,,,,,
11,,,INFO,NAICS 334 - Computers/Electronics Products,7.0,18690.673232,CT,334.0,2017.0,,,,,,,,,
12,,,INFO,NAICS 4247 - Petroleum Bulk Terminals,18.0,32683.82,CT,4247.0,2017.0,,,,,,,,,
13,,,INFO,NAICS 335 - Electrical Equipment,20.0,179977.5508516,CT,335.0,2017.0,,,,,,,,,
14,,,INFO,NAICS 311 - Food,3.0,35370.5,CT,311.0,2017.0,,,,,,,,,
15,,,INFO,NAICS 324 - Petroleum,5.0,1.47,CT,324.0,2017.0,,,,,,,,,
16,,,INFO,NAICS 339 - Miscellaneous Manufacturing,9.0,45067.8,CT,339.0,2017.0,,,,,,,,,
17,,,INFO,NAICS 337 - Furniture,1.0,0.0,CT,337.0,2017.0,,,,,,,,,
18,,,INFO,NAICS 4246 - Chemical Wholesalers,10.0,3015.03,CT,4246.0,2017.0,,,,,,,,,
19,,,INFO,NAICS 999 - Other,4.0,1701.0529239999998,CT,999.0,2017.0,,,,,,,,,
20,,,INFO,NAICS 2211 - Electric Utilities,8.0,50368.598001057544,CT,2211.0,2017.0,,,,,,,,,
21,,,INFO,NAICS 332 - Fabricated Metals,25.0,607208.7411158001,CT,332.0,2017.0,,,,,,,,,
0,,,INFO,NAICS 339 - Miscellaneous Manufacturing,4.0,8308.3,DE,339.0,2017.0,,,,,,,,,
1,,,INFO,NAICS 333 - Machinery,5.0,15.0,DE,333.0,2017.0,,,,,,,,,
2,,,INFO,NAICS 331 - Primary Metals,4.0,1411.0,DE,331.0,2017.0,,,,,,,,,
3,,,INFO,NAICS 325 - Chemicals,34.0,205076.14413449596,DE,325.0,2017.0,,,,,,,,,
4,,,INFO,NAICS 2122 - Metal Mining,3.0,10.7,DE,2122.0,2017.0,,,,,,,,,
5,,,INFO,NAICS 324 - Petroleum,39.0,4079439.859502786,DE,324.0,2017.0,,,,,,,,,
6,,,INFO,NAICS 332 - Fabricated Metals,8.0,41810.35,DE,332.0,2017.0,,,,,,,,,
7,,,INFO,NAICS 335 - Electrical Equipment,3.0,2772.2,DE,335.0,2017.0,,,,,,,,,
8,,,INFO,NAICS 313 - Textiles,5.0,259947.092,DE,313.0,2017.0,,,,,,,,,
9,,,INFO,NAICS 326 - Plastics and Rubber,11.0,30654.759,DE,326.0,2017.0,,,,,,,,,
10,,,INFO,NAICS 311 - Food,9.0,375616.45,DE,311.0,2017.0,,,,,,,,,
11,,,INFO,NAICS 2211 - Electric Utilities,10.0,29162.201011814715,DE,2211.0,2017.0,,,,,,,,,
12,,,INFO,NAICS 999 - Other,6.0,3998.1,DE,999.0,2017.0,,,,,,,,,
13,,,INFO,NAICS 4247 - Petroleum Bulk Terminals,2.0,0.0,DE,4247.0,2017.0,,,,,,,,,
0,,,INFO,NAICS 322 - Paper,30.0,6934619.09564425,FL,322.0,2017.0,,,,,,,,,
1,,,INFO,NAICS 339 - Miscellaneous Manufacturing,13.0,285998.06328,FL,339.0,2017.0,,,,,,,,,
2,,,INFO,NAICS 562 - Hazardous Waste,16.0,108160.2518,FL,562.0,2017.0,,,,,,,,,
3,,,INFO,NAICS 334 - Computers/Electronics Products,11.0,16756.919830000003,FL,334.0,2017.0,,,,,,,,,
4,,,INFO,NAICS 337 - Furniture,2.0,58901.872,FL,337.0,2017.0,,,,,,,,,
5,,,INFO,NAICS 3122 - Tobacco,1.0,5064.4,FL,3122.0,2017.0,,,,,,,,,
6,,,INFO,NAICS 323 - Printing,2.0,12758.0,FL,323.0,2017.0,,,,,,,,,
7,,,INFO,NAICS 333 - Machinery,10.0,25925.82114,FL,333.0,2017.0,,,,,,,,,
8,,,INFO,NAICS 336 - Transportation Equipment,24.0,2093456.5484,FL,336.0,2017.0,,,,,,,,,
9,,,INFO,NAICS 999 - Other,25.0,759340.79125,FL,999.0,2017.0,,,,,,,,,
10,,,INFO,NAICS 3121 - Beverages,3.0,71378.5,FL,3121.0,2017.0,,,,,,,,,
11,,,INFO,NAICS 313 - Textiles,1.0,709.0,FL,313.0,2017.0,,,,,,,,,
12,,,INFO,NAICS 311 - Food,22.0,2041955.2429,FL,311.0,2017.0,,,,,,,,,
13,,,INFO,NAICS 321 - Wood Products,16.0,92899.974698128,FL,321.0,2017.0,,,,,,,,,
14,,,INFO,NAICS 2211 - Electric Utilities,30.0,9514666.353476211,FL,2211.0,2017.0,,,,,,,,,
15,,,INFO,NAICS 327 - Nonmetallic Mineral Product,19.0,102227.84798123455,FL,327.0,2017.0,,,,,,,,,
16,,,INFO,NAICS 324 - Petroleum,11.0,3646.3236854999996,FL,324.0,2017.0,,,,,,,,,
17,,,INFO,NAICS 325 - Chemicals,88.0,35239663.0023315,FL,325.0,2017.0,,,,,,,,,
18,,,INFO,NAICS 331 - Primary Metals,27.0,729382.3702226938,FL,331.0,2017.0,,,,,,,,,
19,,,INFO,NAICS 4247 - Petroleum Bulk Terminals,25.0,86614.77,FL,4247.0,2017.0,,,,,,,,,
20,,,INFO,NAICS 335 - Electrical Equipment,11.0,17711.51061,FL,335.0,2017.0,,,,,,,,,
21,,,INFO,NAICS 4246 - Chemical Wholesalers,16.0,10849.0,FL,4246.0,2017.0,,,,,,,,,
22,,,INFO,NAICS 2122 - Metal Mining,6.0,429555.184,FL,2122.0,2017.0,,,,,,,,,
23,,,INFO,NAICS 326 - Plastics and Rubber,13.0,463160.67,FL,326.0,2017.0,,,,,,,,,
24,,,INFO,NAICS 332 - Fabricated Metals,28.0,474793.757228,FL,332.0,2017.0,,,,,,,,,
0,,,INFO,NAICS 335 - Electrical Equipment,22.0,433909.549,GA,335.0,2017.0,,,,,,,,,
1,,,INFO,NAICS 334 - Computers/Electronics Products,4.0,188.88400000000001,GA,334.0,2017.0,,,,,,,,,
2,,,INFO,NAICS 4247 - Petroleum Bulk Terminals,20.0,22108.9776678,GA,4247.0,2017.0,,,,,,,,,
3,,,INFO,NAICS 331 - Primary Metals,32.0,1917945.6579968114,GA,331.0,2017.0,,,,,,,,,
4,,,INFO,NAICS 327 - Nonmetallic Mineral Product,21.0,6073787.129392,GA,327.0,2017.0,,,,,,,,,
5,,,INFO,NAICS 315 - Apparel,2.0,13632.4,GA,315.0,2017.0,,,,,,,,,
6,,,INFO,NAICS 562 - Hazardous Waste,4.0,2.0,GA,562.0,2017.0,,,,,,,,,
7,,,INFO,NAICS 336 - Transportation Equipment,45.0,1240141.3662,GA,336.0,2017.0,,,,,,,,,
8,,,INFO,NAICS 999 - Other,22.0,1809696.4148,GA,999.0,2017.0,,,,,,,,,
9,,,INFO,NAICS 322 - Paper,31.0,19517987.67369388,GA,322.0,2017.0,,,,,,,,,
10,,,INFO,NAICS 323 - Printing,1.0,28148.0,GA,323.0,2017.0,,,,,,,,,
11,,,INFO,NAICS 313 - Textiles,11.0,1214322.422,GA,313.0,2017.0,,,,,,,,,
12,,,INFO,NAICS 3121 - Beverages,3.0,32147.4,GA,3121.0,2017.0,,,,,,,,,
13,,,INFO,NAICS 326 - Plastics and Rubber,25.0,944616.5488870001,GA,326.0,2017.0,,,,,,,,,
14,,,INFO,NAICS 324 - Petroleum,18.0,14897.719347,GA,324.0,2017.0,,,,,,,,,
15,,,INFO,NAICS 4246 - Chemical Wholesalers,34.0,34419.38,GA,4246.0,2017.0,,,,,,,,,
16,,,INFO,NAICS 332 - Fabricated Metals,33.0,595490.9168,GA,332.0,2017.0,,,,,,,,,
17,,,INFO,NAICS 337 - Furniture,11.0,80922.61,GA,337.0,2017.0,,,,,,,,,
18,,,INFO,NAICS 314 - Textile Product,16.0,115657.8010484,GA,314.0,2017.0,,,,,,,,,
19,,,INFO,NAICS 3122 - Tobacco,1.0,3606.0,GA,3122.0,2017.0,,,,,,,,,
20,,,INFO,NAICS 321 - Wood Products,24.0,503520.9420718133,GA,321.0,2017.0,,,,,,,,,
21,,,INFO,NAICS 339 - Miscellaneous Manufacturing,19.0,369653.11,GA,339.0,2017.0,,,,,,,,,
22,,,INFO,NAICS 325 - Chemicals,162.0,6563952.327561662,GA,325.0,2017.0,,,,,,,,,
23,,,INFO,NAICS 333 - Machinery,17.0,61405.1199173,GA,333.0,2017.0,,,,,,,,,
24,,,INFO,NAICS 311 - Food,20.0,3812446.1600051043,GA,311.0,2017.0,,,,,,,,,
25,,,INFO,NAICS 2211 - Electric Utilities,26.0,3822845.700007224,GA,2211.0,2017.0,,,,,,,,,
0,,,INFO,NAICS 311 - Food,1.0,5.0,HI,311.0,2017.0,,,,,,,,,
1,,,INFO,NAICS 332 - Fabricated Metals,5.0,44301.06,HI,332.0,2017.0,,,,,,,,,
2,,,INFO,NAICS 999 - Other,10.0,855266.5,HI,999.0,2017.0,,,,,,,,,
3,,,INFO,NAICS 4247 - Petroleum Bulk Terminals,19.0,10117.0141,HI,4247.0,2017.0,,,,,,,,,
4,,,INFO,NAICS 2211 - Electric Utilities,21.0,1527088.0520061532,HI,2211.0,2017.0,,,,,,,,,
5,,,INFO,NAICS 324 - Petroleum,22.0,625236.8173397528,HI,324.0,2017.0,,,,,,,,,
0,,,INFO,NAICS 334 - Computers/Electronics Products,12.0,49971.58,ID,334.0,2017.0,,,,,,,,,
1,,,INFO,NAICS 336 - Transportation Equipment,4.0,28.76,ID,336.0,2017.0,,,,,,,,,
2,,,INFO,NAICS 321 - Wood Products,10.0,179048.07000094175,ID,321.0,2017.0,,,,,,,,,
3,,,INFO,NAICS 562 - Hazardous Waste,41.0,3870612.3,ID,562.0,2017.0,,,,,,,,,
4,,,INFO,NAICS 324 - Petroleum,4.0,178.92273,ID,324.0,2017.0,,,,,,,,,
5,,,INFO,NAICS 335 - Electrical Equipment,1.0,6.74,ID,335.0,2017.0,,,,,,,,,
6,,,INFO,NAICS 327 - Nonmetallic Mineral Product,7.0,3595.0611489,ID,327.0,2017.0,,,,,,,,,
7,,,INFO,NAICS 326 - Plastics and Rubber,2.0,122973.7,ID,326.0,2017.0,,,,,,,,,
8,,,INFO,NAICS 314 - Textile Product,1.0,0.08182,ID,314.0,2017.0,,,,,,,,,
9,,,INFO,NAICS 311 - Food,20.0,8627307.026000047,ID,311.0,2017.0,,,,,,,,,
10,,,INFO,NAICS 331 - Primary Metals,6.0,337542.23004132725,ID,331.0,2017.0,,,,,,,,,
11,,,INFO,NAICS 337 - Furniture,1.0,37876.0,ID,337.0,2017.0,,,,,,,,,
12,,,INFO,NAICS 2122 - Metal Mining,11.0,10045855.923303,ID,2122.0,2017.0,,,,,,,,,
13,,,INFO,NAICS 322 - Paper,20.0,981653.4000313131,ID,322.0,2017.0,,,,,,,,,
14,,,INFO,NAICS 325 - Chemicals,39.0,10334709.6771,ID,325.0,2017.0,,,,,,,,,
15,,,INFO,NAICS 999 - Other,16.0,1345315.8582,ID,999.0,2017.0,,,,,,,,,
16,,,INFO,NAICS 332 - Fabricated Metals,20.0,495905.184,ID,332.0,2017.0,,,,,,,,,
17,,,INFO,NAICS 4247 - Petroleum Bulk Terminals,7.0,2818.0,ID,4247.0,2017.0,,,,,,,,,
0,,,INFO,NAICS 335 - Electrical Equipment,23.0,168208.0038,IL,335.0,2017.0,,,,,,,,,
1,,,INFO,NAICS 3122 - Tobacco,1.0,24693.6,IL,3122.0,2017.0,,,,,,,,,
2,,,INFO,NAICS 2121 - Coal Mining,6.0,559754.762,IL,2121.0,2017.0,,,,,,,,,
3,,,INFO,NAICS 326 - Plastics and Rubber,32.0,3796152.3469666,IL,326.0,2017.0,,,,,,,,,
4,,,INFO,NAICS 339 - Miscellaneous Manufacturing,17.0,23301.51,IL,339.0,2017.0,,,,,,,,,
5,,,INFO,NAICS 4246 - Chemical Wholesalers,43.0,67372.23,IL,4246.0,2017.0,,,,,,,,,
6,,,INFO,NAICS 327 - Nonmetallic Mineral Product,36.0,457767.41204093443,IL,327.0,2017.0,,,,,,,,,
7,,,INFO,NAICS 322 - Paper,12.0,501376.833,IL,322.0,2017.0,,,,,,,,,
8,,,INFO,NAICS 311 - Food,39.0,13662331.456537679,IL,311.0,2017.0,,,,,,,,,
9,,,INFO,NAICS 333 - Machinery,24.0,228131.9387,IL,333.0,2017.0,,,,,,,,,
10,,,INFO,NAICS 332 - Fabricated Metals,56.0,4264224.4538360005,IL,332.0,2017.0,,,,,,,,,
11,,,INFO,NAICS 334 - Computers/Electronics Products,13.0,106177.6236411,IL,334.0,2017.0,,,,,,,,,
12,,,INFO,NAICS 2122 - Metal Mining,5.0,51791.11,IL,2122.0,2017.0,,,,,,,,,
13,,,INFO,NAICS 323 - Printing,7.0,691151.5279999999,IL,323.0,2017.0,,,,,,,,,
14,,,INFO,NAICS 324 - Petroleum,60.0,4284829.84314242,IL,324.0,2017.0,,,,,,,,,
15,,,INFO,NAICS 331 - Primary Metals,44.0,19328992.785008967,IL,331.0,2017.0,,,,,,,,,
16,,,INFO,NAICS 325 - Chemicals,174.0,8372129.4441410005,IL,325.0,2017.0,,,,,,,,,
17,,,INFO,NAICS 313 - Textiles,2.0,10010.0,IL,313.0,2017.0,,,,,,,,,
18,,,INFO,NAICS 316 - Leather,2.0,10.0,IL,316.0,2017.0,,,,,,,,,
19,,,INFO,NAICS 336 - Transportation Equipment,44.0,1140359.7124,IL,336.0,2017.0,,,,,,,,,
20,,,INFO,NAICS 562 - Hazardous Waste,98.0,24398609.441554543,IL,562.0,2017.0,,,,,,,,,
21,,,INFO,NAICS 999 - Other,8.0,19186.98502,IL,999.0,2017.0,,,,,,,,,
22,,,INFO,NAICS 321 - Wood Products,8.0,34907.6,IL,321.0,2017.0,,,,,,,,,
23,,,INFO,NAICS 3121 - Beverages,7.0,5195.0,IL,3121.0,2017.0,,,,,,,,,
24,,,INFO,NAICS 2211 - Electric Utilities,30.0,29397373.980048846,IL,2211.0,2017.0,,,,,,,,,
25,,,INFO,NAICS 4247 - Petroleum Bulk Terminals,20.0,36922.125926,IL,4247.0,2017.0,,,,,,,,,
26,,,INFO,NAICS 337 - Furniture,1.0,74230.0,IL,337.0,2017.0,,,,,,,,,
0,,,INFO,NAICS 326 - Plastics and Rubber,43.0,5879850.5622,IN,326.0,2017.0,,,,,,,,,
1,,,INFO,NAICS 999 - Other,23.0,1619226.8204299998,IN,999.0,2017.0,,,,,,,,,
2,,,INFO,NAICS 321 - Wood Products,13.0,31280.482999999997,IN,321.0,2017.0,,,,,,,,,
3,,,INFO,NAICS 562 - Hazardous Waste,69.0,7696736.13,IN,562.0,2017.0,,,,,,,,,
4,,,INFO,NAICS 332 - Fabricated Metals,44.0,1880502.39519,IN,332.0,2017.0,,,,,,,,,
5,,,INFO,NAICS 323 - Printing,11.0,401866.23,IN,323.0,2017.0,,,,,,,,,
6,,,INFO,NAICS 2122 - Metal Mining,1.0,0.0,IN,2122.0,2017.0,,,,,,,,,
7,,,INFO,NAICS 331 - Primary Metals,80.0,70123205.85150728,IN,331.0,2017.0,,,,,,,,,
8,,,INFO,NAICS 325 - Chemicals,121.0,11955843.437191252,IN,325.0,2017.0,,,,,,,,,
9,,,INFO,NAICS 311 - Food,29.0,3587495.8640005244,IN,311.0,2017.0,,,,,,,,,
10,,,INFO,NAICS 4247 - Petroleum Bulk Terminals,18.0,34455.16,IN,4247.0,2017.0,,,,,,,,,
11,,,INFO,NAICS 335 - Electrical Equipment,17.0,117015.46705769999,IN,335.0,2017.0,,,,,,,,,
12,,,INFO,NAICS 334 - Computers/Electronics Products,4.0,3244.2208,IN,334.0,2017.0,,,,,,,,,
13,,,INFO,NAICS 4246 - Chemical Wholesalers,33.0,29392.752,IN,4246.0,2017.0,,,,,,,,,
14,,,INFO,NAICS 339 - Miscellaneous Manufacturing,25.0,172321.50160999998,IN,339.0,2017.0,,,,,,,,,
15,,,INFO,NAICS 333 - Machinery,22.0,109443.82426,IN,333.0,2017.0,,,,,,,,,
16,,,INFO,NAICS 2121 - Coal Mining,6.0,100286.0,IN,2121.0,2017.0,,,,,,,,,
17,,,INFO,NAICS 2211 - Electric Utilities,27.0,18650044.56685331,IN,2211.0,2017.0,,,,,,,,,
18,,,INFO,NAICS 337 - Furniture,18.0,984089.8638203001,IN,337.0,2017.0,,,,,,,,,
19,,,INFO,NAICS 322 - Paper,14.0,69207.04685,IN,322.0,2017.0,,,,,,,,,
20,,,INFO,NAICS 3121 - Beverages,1.0,0.0,IN,3121.0,2017.0,,,,,,,,,
21,,,INFO,NAICS 324 - Petroleum,50.0,1819001.405761816,IN,324.0,2017.0,,,,,,,,,
22,,,INFO,NAICS 327 - Nonmetallic Mineral Product,84.0,1266245.8928200535,IN,327.0,2017.0,,,,,,,,,
23,,,INFO,NAICS 336 - Transportation Equipment,52.0,3369576.8063892,IN,336.0,2017.0,,,,,,,,,
0,,,INFO,NAICS 311 - Food,45.0,11895812.82428185,IA,311.0,2017.0,,,,,,,,,
1,,,INFO,NAICS 3121 - Beverages,2.0,510.0,IA,3121.0,2017.0,,,,,,,,,
2,,,INFO,NAICS 325 - Chemicals,113.0,7201940.791105464,IA,325.0,2017.0,,,,,,,,,
3,,,INFO,NAICS 327 - Nonmetallic Mineral Product,19.0,443996.360811,IA,327.0,2017.0,,,,,,,,,
4,,,INFO,NAICS 4247 - Petroleum Bulk Terminals,13.0,15966.0,IA,4247.0,2017.0,,,,,,,,,
5,,,INFO,NAICS 334 - Computers/Electronics Products,3.0,304.1248,IA,334.0,2017.0,,,,,,,,,
6,,,INFO,NAICS 562 - Hazardous Waste,6.0,10.0,IA,562.0,2017.0,,,,,,,,,
7,,,INFO,NAICS 331 - Primary Metals,37.0,7391467.010445391,IA,331.0,2017.0,,,,,,,,,
8,,,INFO,NAICS 999 - Other,3.0,350221.39,IA,999.0,2017.0,,,,,,,,,
9,,,INFO,NAICS 321 - Wood Products,8.0,133320.63,IA,321.0,2017.0,,,,,,,,,
10,,,INFO,NAICS 333 - Machinery,33.0,431862.72868999996,IA,333.0,2017.0,,,,,,,,,
11,,,INFO,NAICS 337 - Furniture,9.0,162698.9,IA,337.0,2017.0,,,,,,,,,
12,,,INFO,NAICS 4246 - Chemical Wholesalers,16.0,6980.584,IA,4246.0,2017.0,,,,,,,,,
13,,,INFO,NAICS 316 - Leather,4.0,68590.8,IA,316.0,2017.0,,,,,,,,,
14,,,INFO,NAICS 322 - Paper,11.0,213185.19,IA,322.0,2017.0,,,,,,,,,
15,,,INFO,NAICS 323 - Printing,1.0,1.3,IA,323.0,2017.0,,,,,,,,,
16,,,INFO,NAICS 2211 - Electric Utilities,27.0,5275672.541130041,IA,2211.0,2017.0,,,,,,,,,
17,,,INFO,NAICS 324 - Petroleum,15.0,785.2508236000001,IA,324.0,2017.0,,,,,,,,,
18,,,INFO,NAICS 326 - Plastics and Rubber,22.0,701391.016099,IA,326.0,2017.0,,,,,,,,,
19,,,INFO,NAICS 335 - Electrical Equipment,14.0,74861.7176,IA,335.0,2017.0,,,,,,,,,
20,,,INFO,NAICS 332 - Fabricated Metals,28.0,544376.7804733,IA,332.0,2017.0,,,,,,,,,
21,,,INFO,NAICS 336 - Transportation Equipment,23.0,493873.8681,IA,336.0,2017.0,,,,,,,,,
22,,,INFO,NAICS 339 - Miscellaneous Manufacturing,12.0,16230.94,IA,339.0,2017.0,,,,,,,,,
0,,,INFO,NAICS 325 - Chemicals,97.0,5106594.060000285,KS,325.0,2017.0,,,,,,,,,
1,,,INFO,NAICS 4247 - Petroleum Bulk Terminals,14.0,12853.6,KS,4247.0,2017.0,,,,,,,,,
2,,,INFO,NAICS 333 - Machinery,19.0,14592.209340000001,KS,333.0,2017.0,,,,,,,,,
3,,,INFO,NAICS 2211 - Electric Utilities,20.0,4826163.481678666,KS,2211.0,2017.0,,,,,,,,,
4,,,INFO,NAICS 4246 - Chemical Wholesalers,15.0,6470.2390000000005,KS,4246.0,2017.0,,,,,,,,,
5,,,INFO,NAICS 562 - Hazardous Waste,30.0,268453.95383,KS,562.0,2017.0,,,,,,,,,
6,,,INFO,NAICS 322 - Paper,4.0,18901.296000000002,KS,322.0,2017.0,,,,,,,,,
7,,,INFO,NAICS 324 - Petroleum,58.0,1149630.1673152568,KS,324.0,2017.0,,,,,,,,,
8,,,INFO,NAICS 999 - Other,6.0,68152.3,KS,999.0,2017.0,,,,,,,,,
9,,,INFO,NAICS 326 - Plastics and Rubber,18.0,1105446.1562,KS,326.0,2017.0,,,,,,,,,
10,,,INFO,NAICS 327 - Nonmetallic Mineral Product,46.0,430139.514674,KS,327.0,2017.0,,,,,,,,,
11,,,INFO,NAICS 339 - Miscellaneous Manufacturing,5.0,1322.0,KS,339.0,2017.0,,,,,,,,,
12,,,INFO,NAICS 311 - Food,21.0,3475617.57,KS,311.0,2017.0,,,,,,,,,
13,,,INFO,NAICS 335 - Electrical Equipment,9.0,72793.26952,KS,335.0,2017.0,,,,,,,,,
14,,,INFO,NAICS 336 - Transportation Equipment,42.0,1681125.8908,KS,336.0,2017.0,,,,,,,,,
15,,,INFO,NAICS 3121 - Beverages,12.0,50789.12,KS,3121.0,2017.0,,,,,,,,,
16,,,INFO,NAICS 321 - Wood Products,2.0,0.0,KS,321.0,2017.0,,,,,,,,,
17,,,INFO,NAICS 323 - Printing,2.0,213.68,KS,323.0,2017.0,,,,,,,,,
18,,,INFO,NAICS 331 - Primary Metals,15.0,663940.8301067166,KS,331.0,2017.0,,,,,,,,,
19,,,INFO,NAICS 332 - Fabricated Metals,20.0,366379.43200000003,KS,332.0,2017.0,,,,,,,,,
20,,,INFO,NAICS 337 - Furniture,5.0,219424.1998,KS,337.0,2017.0,,,,,,,,,
21,,,INFO,NAICS 334 - Computers/Electronics Products,1.0,178.446094,KS,334.0,2017.0,,,,,,,,,
0,,,INFO,NAICS 332 - Fabricated Metals,33.0,1232067.4139,KY,332.0,2017.0,,,,,,,,,
1,,,INFO,NAICS 325 - Chemicals,151.0,7235272.842994446,KY,325.0,2017.0,,,,,,,,,
2,,,INFO,NAICS 335 - Electrical Equipment,22.0,85396.184654,KY,335.0,2017.0,,,,,,,,,
3,,,INFO,NAICS 339 - Miscellaneous Manufacturing,7.0,35360.65,KY,339.0,2017.0,,,,,,,,,
4,,,INFO,NAICS 4247 - Petroleum Bulk Terminals,14.0,20706.29,KY,4247.0,2017.0,,,,,,,,,
5,,,INFO,NAICS 322 - Paper,24.0,1927689.573003829,KY,322.0,2017.0,,,,,,,,,
6,,,INFO,NAICS 2121 - Coal Mining,2.0,10252.62,KY,2121.0,2017.0,,,,,,,,,
7,,,INFO,NAICS 327 - Nonmetallic Mineral Product,24.0,604922.5513238921,KY,327.0,2017.0,,,,,,,,,
8,,,INFO,NAICS 331 - Primary Metals,42.0,12235361.684034063,KY,331.0,2017.0,,,,,,,,,
9,,,INFO,NAICS 324 - Petroleum,34.0,651722.7,KY,324.0,2017.0,,,,,,,,,
10,,,INFO,NAICS 4246 - Chemical Wholesalers,27.0,14054.75,KY,4246.0,2017.0,,,,,,,,,
11,,,INFO,NAICS 336 - Transportation Equipment,48.0,1762381.8031759998,KY,336.0,2017.0,,,,,,,,,
12,,,INFO,NAICS 321 - Wood Products,8.0,7790.04,KY,321.0,2017.0,,,,,,,,,
13,,,INFO,NAICS 311 - Food,16.0,2776847.521,KY,311.0,2017.0,,,,,,,,,
14,,,INFO,NAICS 323 - Printing,8.0,580626.9057100001,KY,323.0,2017.0,,,,,,,,,
15,,,INFO,NAICS 337 - Furniture,7.0,92171.54,KY,337.0,2017.0,,,,,,,,,
16,,,INFO,NAICS 562 - Hazardous Waste,13.0,5885.0004,KY,562.0,2017.0,,,,,,,,,
17,,,INFO,NAICS 3122 - Tobacco,1.0,15451.44,KY,3122.0,2017.0,,,,,,,,,
18,,,INFO,NAICS 326 - Plastics and Rubber,30.0,1071509.66029,KY,326.0,2017.0,,,,,,,,,
19,,,INFO,NAICS 999 - Other,19.0,757263.882,KY,999.0,2017.0,,,,,,,,,
20,,,INFO,NAICS 3121 - Beverages,2.0,5005.9,KY,3121.0,2017.0,,,,,,,,,
21,,,INFO,NAICS 2211 - Electric Utilities,25.0,19410051.530054636,KY,2211.0,2017.0,,,,,,,,,
22,,,INFO,NAICS 333 - Machinery,18.0,57452.791,KY,333.0,2017.0,,,,,,,,,
23,,,INFO,NAICS 334 - Computers/Electronics Products,3.0,76.53578,KY,334.0,2017.0,,,,,,,,,
0,,,INFO,NAICS 324 - Petroleum,70.0,12908127.787935263,LA,324.0,2017.0,,,,,,,,,
1,,,INFO,NAICS 332 - Fabricated Metals,29.0,1009294.0862,LA,332.0,2017.0,,,,,,,,,
2,,,INFO,NAICS 2211 - Electric Utilities,19.0,4125402.0039118524,LA,2211.0,2017.0,,,,,,,,,
3,,,INFO,NAICS 4247 - Petroleum Bulk Terminals,20.0,104821.96,LA,4247.0,2017.0,,,,,,,,,
4,,,INFO,NAICS 333 - Machinery,12.0,91161.58071000001,LA,333.0,2017.0,,,,,,,,,
5,,,INFO,NAICS 335 - Electrical Equipment,2.0,349.3,LA,335.0,2017.0,,,,,,,,,
6,,,INFO,NAICS 325 - Chemicals,238.0,101633028.82928947,LA,325.0,2017.0,,,,,,,,,
7,,,INFO,NAICS 999 - Other,35.0,191499.542702,LA,999.0,2017.0,,,,,,,,,
8,,,INFO,NAICS 321 - Wood Products,19.0,657002.2370206111,LA,321.0,2017.0,,,,,,,,,
9,,,INFO,NAICS 322 - Paper,28.0,15911581.214852555,LA,322.0,2017.0,,,,,,,,,
10,,,INFO,NAICS 326 - Plastics and Rubber,4.0,123953.45,LA,326.0,2017.0,,,,,,,,,
11,,,INFO,NAICS 339 - Miscellaneous Manufacturing,1.0,1305.0,LA,339.0,2017.0,,,,,,,,,
12,,,INFO,NAICS 311 - Food,13.0,1661289.0159999998,LA,311.0,2017.0,,,,,,,,,
13,,,INFO,NAICS 562 - Hazardous Waste,26.0,5173413.052092592,LA,562.0,2017.0,,,,,,,,,
14,,,INFO,NAICS 327 - Nonmetallic Mineral Product,7.0,33750.943075999996,LA,327.0,2017.0,,,,,,,,,
15,,,INFO,NAICS 336 - Transportation Equipment,12.0,225680.003,LA,336.0,2017.0,,,,,,,,,
16,,,INFO,NAICS 4246 - Chemical Wholesalers,33.0,146270.9951,LA,4246.0,2017.0,,,,,,,,,
17,,,INFO,NAICS 331 - Primary Metals,19.0,4154123.52,LA,331.0,2017.0,,,,,,,,,
0,,,INFO,NAICS 316 - Leather,3.0,131511.0,ME,316.0,2017.0,,,,,,,,,
1,,,INFO,NAICS 321 - Wood Products,10.0,71757.83,ME,321.0,2017.0,,,,,,,,,
2,,,INFO,NAICS 326 - Plastics and Rubber,7.0,20762.86712,ME,326.0,2017.0,,,,,,,,,
3,,,INFO,NAICS 333 - Machinery,7.0,5250.24,ME,333.0,2017.0,,,,,,,,,
4,,,INFO,NAICS 999 - Other,2.0,1091.391,ME,999.0,2017.0,,,,,,,,,
5,,,INFO,NAICS 325 - Chemicals,10.0,7571.97,ME,325.0,2017.0,,,,,,,,,
6,,,INFO,NAICS 323 - Printing,3.0,21322.0,ME,323.0,2017.0,,,,,,,,,
7,,,INFO,NAICS 331 - Primary Metals,2.0,147.0,ME,331.0,2017.0,,,,,,,,,
8,,,INFO,NAICS 335 - Electrical Equipment,2.0,2370.9,ME,335.0,2017.0,,,,,,,,,
9,,,INFO,NAICS 336 - Transportation Equipment,12.0,103476.0184,ME,336.0,2017.0,,,,,,,,,
10,,,INFO,NAICS 332 - Fabricated Metals,13.0,45193.274000000005,ME,332.0,2017.0,,,,,,,,,
11,,,INFO,NAICS 2211 - Electric Utilities,4.0,0.515,ME,2211.0,2017.0,,,,,,,,,
12,,,INFO,NAICS 327 - Nonmetallic Mineral Product,8.0,5375.43000053458,ME,327.0,2017.0,,,,,,,,,
13,,,INFO,NAICS 334 - Computers/Electronics Products,7.0,45820.8,ME,334.0,2017.0,,,,,,,,,
14,,,INFO,NAICS 4247 - Petroleum Bulk Terminals,14.0,13673.210275,ME,4247.0,2017.0,,,,,,,,,
15,,,INFO,NAICS 337 - Furniture,1.0,17.48,ME,337.0,2017.0,,,,,,,,,
16,,,INFO,NAICS 311 - Food,10.0,2397157.3,ME,311.0,2017.0,,,,,,,,,
17,,,INFO,NAICS 322 - Paper,37.0,9062209.05179345,ME,322.0,2017.0,,,,,,,,,
18,,,INFO,NAICS 324 - Petroleum,3.0,5.4,ME,324.0,2017.0,,,,,,,,,
0,,,INFO,NAICS 339 - Miscellaneous Manufacturing,3.0,44311.0,MD,339.0,2017.0,,,,,,,,,
1,,,INFO,NAICS 562 - Hazardous Waste,4.0,0.0,MD,562.0,2017.0,,,,,,,,,
2,,,INFO,NAICS 313 - Textiles,1.0,14329.0,MD,313.0,2017.0,,,,,,,,,
3,,,INFO,NAICS 326 - Plastics and Rubber,11.0,228090.54100000003,MD,326.0,2017.0,,,,,,,,,
4,,,INFO,NAICS 4247 - Petroleum Bulk Terminals,12.0,3124.0,MD,4247.0,2017.0,,,,,,,,,
5,,,INFO,NAICS 321 - Wood Products,3.0,55825.05,MD,321.0,2017.0,,,,,,,,,
6,,,INFO,NAICS 331 - Primary Metals,5.0,81289.0,MD,331.0,2017.0,,,,,,,,,
7,,,INFO,NAICS 2211 - Electric Utilities,21.0,1151280.0800114383,MD,2211.0,2017.0,,,,,,,,,
8,,,INFO,NAICS 325 - Chemicals,44.0,875353.0788,MD,325.0,2017.0,,,,,,,,,
9,,,INFO,NAICS 4246 - Chemical Wholesalers,6.0,2003.0,MD,4246.0,2017.0,,,,,,,,,
10,,,INFO,NAICS 2122 - Metal Mining,6.0,325628.5370348,MD,2122.0,2017.0,,,,,,,,,
11,,,INFO,NAICS 336 - Transportation Equipment,7.0,1477.345,MD,336.0,2017.0,,,,,,,,,
12,,,INFO,NAICS 335 - Electrical Equipment,2.0,250.4,MD,335.0,2017.0,,,,,,,,,
13,,,INFO,NAICS 311 - Food,14.0,630244.22,MD,311.0,2017.0,,,,,,,,,
14,,,INFO,NAICS 322 - Paper,25.0,1468260.2000020274,MD,322.0,2017.0,,,,,,,,,
15,,,INFO,NAICS 324 - Petroleum,8.0,38.984698,MD,324.0,2017.0,,,,,,,,,
16,,,INFO,NAICS 327 - Nonmetallic Mineral Product,18.0,147350.07476548708,MD,327.0,2017.0,,,,,,,,,
17,,,INFO,NAICS 999 - Other,23.0,263684.1010183348,MD,999.0,2017.0,,,,,,,,,
18,,,INFO,NAICS 333 - Machinery,5.0,3.5,MD,333.0,2017.0,,,,,,,,,
19,,,INFO,NAICS 2121 - Coal Mining,4.0,43617.231,MD,2121.0,2017.0,,,,,,,,,
20,,,INFO,NAICS 332 - Fabricated Metals,17.0,122493.36300000001,MD,332.0,2017.0,,,,,,,,,
21,,,INFO,NAICS 334 - Computers/Electronics Products,1.0,1938.93,MD,334.0,2017.0,,,,,,,,,
22,,,INFO,NAICS 316 - Leather,1.0,10.0,MD,316.0,2017.0,,,,,,,,,
0,,,INFO,NAICS 332 - Fabricated Metals,29.0,797951.3311,MA,332.0,2017.0,,,,,,,,,
1,,,INFO,NAICS 2211 - Electric Utilities,14.0,127755.39899229835,MA,2211.0,2017.0,,,,,,,,,
2,,,INFO,NAICS 311 - Food,5.0,110447.662001,MA,311.0,2017.0,,,,,,,,,
3,,,INFO,NAICS 326 - Plastics and Rubber,23.0,709279.11,MA,326.0,2017.0,,,,,,,,,
4,,,INFO,NAICS 335 - Electrical Equipment,16.0,31508.7259,MA,335.0,2017.0,,,,,,,,,
5,,,INFO,NAICS 336 - Transportation Equipment,14.0,15497.264,MA,336.0,2017.0,,,,,,,,,
6,,,INFO,NAICS 324 - Petroleum,7.0,52.97755,MA,324.0,2017.0,,,,,,,,,
7,,,INFO,NAICS 339 - Miscellaneous Manufacturing,25.0,393737.089,MA,339.0,2017.0,,,,,,,,,
8,,,INFO,NAICS 314 - Textile Product,1.0,52.3,MA,314.0,2017.0,,,,,,,,,
9,,,INFO,NAICS 331 - Primary Metals,21.0,238287.0748256,MA,331.0,2017.0,,,,,,,,,
10,,,INFO,NAICS 562 - Hazardous Waste,7.0,43886.153,MA,562.0,2017.0,,,,,,,,,
11,,,INFO,NAICS 322 - Paper,16.0,220750.365,MA,322.0,2017.0,,,,,,,,,
12,,,INFO,NAICS 4247 - Petroleum Bulk Terminals,15.0,29176.2786,MA,4247.0,2017.0,,,,,,,,,
13,,,INFO,NAICS 323 - Printing,3.0,9673.0,MA,323.0,2017.0,,,,,,,,,
14,,,INFO,NAICS 325 - Chemicals,68.0,661022.5602399999,MA,325.0,2017.0,,,,,,,,,
15,,,INFO,NAICS 337 - Furniture,1.0,250.0,MA,337.0,2017.0,,,,,,,,,
16,,,INFO,NAICS 321 - Wood Products,1.0,0.0,MA,321.0,2017.0,,,,,,,,,
17,,,INFO,NAICS 313 - Textiles,4.0,29374.0,MA,313.0,2017.0,,,,,,,,,
18,,,INFO,NAICS 333 - Machinery,18.0,61714.872,MA,333.0,2017.0,,,,,,,,,
19,,,INFO,NAICS 316 - Leather,2.0,11506.0,MA,316.0,2017.0,,,,,,,,,
20,,,INFO,NAICS 327 - Nonmetallic Mineral Product,16.0,63149.1607,MA,327.0,2017.0,,,,,,,,,
21,,,INFO,NAICS 4246 - Chemical Wholesalers,26.0,9839.8006,MA,4246.0,2017.0,,,,,,,,,
22,,,INFO,NAICS 999 - Other,7.0,20546.7669,MA,999.0,2017.0,,,,,,,,,
23,,,INFO,NAICS 334 - Computers/Electronics Products,17.0,41418.32,MA,334.0,2017.0,,,,,,,,,
24,,,INFO,NAICS 3121 - Beverages,2.0,15.0,MA,3121.0,2017.0,,,,,,,,,
0,,,INFO,NAICS 331 - Primary Metals,55.0,15181283.126694642,MI,331.0,2017.0,,,,,,,,,
1,,,INFO,NAICS 323 - Printing,5.0,237104.0,MI,323.0,2017.0,,,,,,,,,
2,,,INFO,NAICS 322 - Paper,29.0,2419339.560657212,MI,322.0,2017.0,,,,,,,,,
3,,,INFO,NAICS 324 - Petroleum,42.0,428778.6844162809,MI,324.0,2017.0,,,,,,,,,
4,,,INFO,NAICS 4246 - Chemical Wholesalers,27.0,17973.3419,MI,4246.0,2017.0,,,,,,,,,
5,,,INFO,NAICS 325 - Chemicals,128.0,2825911.8003071,MI,325.0,2017.0,,,,,,,,,
6,,,INFO,NAICS 4247 - Petroleum Bulk Terminals,13.0,22345.0,MI,4247.0,2017.0,,,,,,,,,
7,,,INFO,NAICS 562 - Hazardous Waste,63.0,17636560.54504,MI,562.0,2017.0,,,,,,,,,
8,,,INFO,NAICS 335 - Electrical Equipment,14.0,30799.23862,MI,335.0,2017.0,,,,,,,,,
9,,,INFO,NAICS 321 - Wood Products,13.0,310398.5,MI,321.0,2017.0,,,,,,,,,
10,,,INFO,NAICS 336 - Transportation Equipment,48.0,3517994.6785231004,MI,336.0,2017.0,,,,,,,,,
11,,,INFO,NAICS 339 - Miscellaneous Manufacturing,12.0,23953.425,MI,339.0,2017.0,,,,,,,,,
12,,,INFO,NAICS 2122 - Metal Mining,6.0,8775035.6778,MI,2122.0,2017.0,,,,,,,,,
13,,,INFO,NAICS 999 - Other,8.0,65746.65,MI,999.0,2017.0,,,,,,,,,
14,,,INFO,NAICS 334 - Computers/Electronics Products,13.0,19129.928369999998,MI,334.0,2017.0,,,,,,,,,
15,,,INFO,NAICS 332 - Fabricated Metals,43.0,2598815.4524537004,MI,332.0,2017.0,,,,,,,,,
16,,,INFO,NAICS 327 - Nonmetallic Mineral Product,31.0,1296913.6879194845,MI,327.0,2017.0,,,,,,,,,
17,,,INFO,NAICS 326 - Plastics and Rubber,33.0,916771.5988629999,MI,326.0,2017.0,,,,,,,,,
18,,,INFO,NAICS 311 - Food,16.0,2711430.71,MI,311.0,2017.0,,,,,,,,,
19,,,INFO,NAICS 313 - Textiles,1.0,26235.0,MI,313.0,2017.0,,,,,,,,,
20,,,INFO,NAICS 316 - Leather,3.0,299.4,MI,316.0,2017.0,,,,,,,,,
21,,,INFO,NAICS 333 - Machinery,20.0,30076.246,MI,333.0,2017.0,,,,,,,,,
22,,,INFO,NAICS 2211 - Electric Utilities,23.0,15238545.680042265,MI,2211.0,2017.0,,,,,,,,,
23,,,INFO,NAICS 337 - Furniture,5.0,27.67735,MI,337.0,2017.0,,,,,,,,,
0,,,INFO,NAICS 311 - Food,28.0,5497058.413791762,MN,311.0,2017.0,,,,,,,,,
1,,,INFO,NAICS 4246 - Chemical Wholesalers,23.0,7594.9945,MN,4246.0,2017.0,,,,,,,,,
2,,,INFO,NAICS 323 - Printing,1.0,16217.83784,MN,323.0,2017.0,,,,,,,,,
3,,,INFO,NAICS 335 - Electrical Equipment,13.0,60499.612,MN,335.0,2017.0,,,,,,,,,
4,,,INFO,NAICS 326 - Plastics and Rubber,29.0,659526.175,MN,326.0,2017.0,,,,,,,,,
5,,,INFO,NAICS 332 - Fabricated Metals,39.0,1092525.4616,MN,332.0,2017.0,,,,,,,,,
6,,,INFO,NAICS 339 - Miscellaneous Manufacturing,12.0,19646.0,MN,339.0,2017.0,,,,,,,,,
7,,,INFO,NAICS 314 - Textile Product,1.0,0.06485,MN,314.0,2017.0,,,,,,,,,
8,,,INFO,NAICS 331 - Primary Metals,30.0,3284384.333074426,MN,331.0,2017.0,,,,,,,,,
9,,,INFO,NAICS 334 - Computers/Electronics Products,23.0,131561.4076,MN,334.0,2017.0,,,,,,,,,
10,,,INFO,NAICS 336 - Transportation Equipment,20.0,117019.68,MN,336.0,2017.0,,,,,,,,,
11,,,INFO,NAICS 316 - Leather,7.0,175638.56,MN,316.0,2017.0,,,,,,,,,
12,,,INFO,NAICS 322 - Paper,28.0,1691846.3485652646,MN,322.0,2017.0,,,,,,,,,
13,,,INFO,NAICS 327 - Nonmetallic Mineral Product,12.0,132137.702873,MN,327.0,2017.0,,,,,,,,,
14,,,INFO,NAICS 337 - Furniture,13.0,217767.61899999998,MN,337.0,2017.0,,,,,,,,,
15,,,INFO,NAICS 2211 - Electric Utilities,18.0,8444413.28043501,MN,2211.0,2017.0,,,,,,,,,
16,,,INFO,NAICS 324 - Petroleum,50.0,1203614.0306134354,MN,324.0,2017.0,,,,,,,,,
17,,,INFO,NAICS 999 - Other,7.0,87691.222,MN,999.0,2017.0,,,,,,,,,
18,,,INFO,NAICS 4247 - Petroleum Bulk Terminals,3.0,1834.0,MN,4247.0,2017.0,,,,,,,,,
19,,,INFO,NAICS 325 - Chemicals,78.0,1381615.9954,MN,325.0,2017.0,,,,,,,,,
20,,,INFO,NAICS 333 - Machinery,27.0,337094.9906,MN,333.0,2017.0,,,,,,,,,
21,,,INFO,NAICS 562 - Hazardous Waste,10.0,71648.81,MN,562.0,2017.0,,,,,,,,,
22,,,INFO,NAICS 321 - Wood Products,20.0,91292.44080955353,MN,321.0,2017.0,,,,,,,,,
0,,,INFO,NAICS 321 - Wood Products,21.0,497709.5407940657,MS,321.0,2017.0,,,,,,,,,
1,,,INFO,NAICS 322 - Paper,26.0,9915332.417030219,MS,322.0,2017.0,,,,,,,,,
2,,,INFO,NAICS 326 - Plastics and Rubber,23.0,505584.959,MS,326.0,2017.0,,,,,,,,,
3,,,INFO,NAICS 335 - Electrical Equipment,15.0,146181.08,MS,335.0,2017.0,,,,,,,,,
4,,,INFO,NAICS 311 - Food,15.0,6977246.836,MS,311.0,2017.0,,,,,,,,,
5,,,INFO,NAICS 325 - Chemicals,98.0,38782316.6635969,MS,325.0,2017.0,,,,,,,,,
6,,,INFO,NAICS 339 - Miscellaneous Manufacturing,2.0,12845.0,MS,339.0,2017.0,,,,,,,,,
7,,,INFO,NAICS 2211 - Electric Utilities,17.0,2829533.072121045,MS,2211.0,2017.0,,,,,,,,,
8,,,INFO,NAICS 337 - Furniture,5.0,46836.9011,MS,337.0,2017.0,,,,,,,,,
9,,,INFO,NAICS 327 - Nonmetallic Mineral Product,11.0,241580.2753993,MS,327.0,2017.0,,,,,,,,,
10,,,INFO,NAICS 336 - Transportation Equipment,35.0,990672.90614,MS,336.0,2017.0,,,,,,,,,
11,,,INFO,NAICS 4247 - Petroleum Bulk Terminals,10.0,7961.1,MS,4247.0,2017.0,,,,,,,,,
12,,,INFO,NAICS 999 - Other,7.0,218355.02,MS,999.0,2017.0,,,,,,,,,
13,,,INFO,NAICS 334 - Computers/Electronics Products,2.0,29.014,MS,334.0,2017.0,,,,,,,,,
14,,,INFO,NAICS 331 - Primary Metals,33.0,1741453.7944099999,MS,331.0,2017.0,,,,,,,,,
15,,,INFO,NAICS 4246 - Chemical Wholesalers,8.0,19006.4,MS,4246.0,2017.0,,,,,,,,,
16,,,INFO,NAICS 324 - Petroleum,52.0,2427833.5703000803,MS,324.0,2017.0,,,,,,,,,
17,,,INFO,NAICS 332 - Fabricated Metals,32.0,731424.2205,MS,332.0,2017.0,,,,,,,,,
18,,,INFO,NAICS 333 - Machinery,19.0,58031.2298,MS,333.0,2017.0,,,,,,,,,
19,,,INFO,NAICS 314 - Textile Product,2.0,0.0,MS,314.0,2017.0,,,,,,,,,
0,,,INFO,NAICS 325 - Chemicals,145.0,1341583.926702882,MO,325.0,2017.0,,,,,,,,,
1,,,INFO,NAICS 562 - Hazardous Waste,12.0,6748.74,MO,562.0,2017.0,,,,,,,,,
2,,,INFO,NAICS 326 - Plastics and Rubber,37.0,966583.1531499,MO,326.0,2017.0,,,,,,,,,
3,,,INFO,NAICS 4246 - Chemical Wholesalers,27.0,45141.54,MO,4246.0,2017.0,,,,,,,,,
4,,,INFO,NAICS 323 - Printing,5.0,38620.06,MO,323.0,2017.0,,,,,,,,,
5,,,INFO,NAICS 3121 - Beverages,8.0,111888.74,MO,3121.0,2017.0,,,,,,,,,
6,,,INFO,NAICS 321 - Wood Products,8.0,33896.348,MO,321.0,2017.0,,,,,,,,,
7,,,INFO,NAICS 324 - Petroleum,28.0,32094.33330010068,MO,324.0,2017.0,,,,,,,,,
8,,,INFO,NAICS 327 - Nonmetallic Mineral Product,65.0,1006550.9265205055,MO,327.0,2017.0,,,,,,,,,
9,,,INFO,NAICS 336 - Transportation Equipment,39.0,2734699.518,MO,336.0,2017.0,,,,,,,,,
10,,,INFO,NAICS 337 - Furniture,7.0,91633.75,MO,337.0,2017.0,,,,,,,,,
11,,,INFO,NAICS 322 - Paper,3.0,557.6243000280538,MO,322.0,2017.0,,,,,,,,,
12,,,INFO,NAICS 311 - Food,22.0,3389934.5909,MO,311.0,2017.0,,,,,,,,,
13,,,INFO,NAICS 999 - Other,11.0,228867.8888,MO,999.0,2017.0,,,,,,,,,
14,,,INFO,NAICS 333 - Machinery,14.0,99876.2723222,MO,333.0,2017.0,,,,,,,,,
15,,,INFO,NAICS 316 - Leather,6.0,1301436.68,MO,316.0,2017.0,,,,,,,,,
16,,,INFO,NAICS 332 - Fabricated Metals,43.0,1201423.3102,MO,332.0,2017.0,,,,,,,,,
17,,,INFO,NAICS 339 - Miscellaneous Manufacturing,10.0,6603.0,MO,339.0,2017.0,,,,,,,,,
18,,,INFO,NAICS 2211 - Electric Utilities,19.0,12761046.529993739,MO,2211.0,2017.0,,,,,,,,,
19,,,INFO,NAICS 334 - Computers/Electronics Products,9.0,9864.11,MO,334.0,2017.0,,,,,,,,,
20,,,INFO,NAICS 2122 - Metal Mining,5.0,25902322.29,MO,2122.0,2017.0,,,,,,,,,
21,,,INFO,NAICS 331 - Primary Metals,26.0,4870020.924962429,MO,331.0,2017.0,,,,,,,,,
22,,,INFO,NAICS 335 - Electrical Equipment,17.0,332392.67001999996,MO,335.0,2017.0,,,,,,,,,
23,,,INFO,NAICS 4247 - Petroleum Bulk Terminals,14.0,7818.393,MO,4247.0,2017.0,,,,,,,,,
0,,,INFO,NAICS 324 - Petroleum,46.0,697234.6209212444,MT,324.0,2017.0,,,,,,,,,
1,,,INFO,NAICS 4246 - Chemical Wholesalers,10.0,6555.84,MT,4246.0,2017.0,,,,,,,,,
2,,,INFO,NAICS 2121 - Coal Mining,3.0,3.35275,MT,2121.0,2017.0,,,,,,,,,
3,,,INFO,NAICS 332 - Fabricated Metals,1.0,0.0,MT,332.0,2017.0,,,,,,,,,
4,,,INFO,NAICS 2211 - Electric Utilities,28.0,8622073.470033443,MT,2211.0,2017.0,,,,,,,,,
5,,,INFO,NAICS 331 - Primary Metals,12.0,6338.8,MT,331.0,2017.0,,,,,,,,,
6,,,INFO,NAICS 339 - Miscellaneous Manufacturing,5.0,25761.0,MT,339.0,2017.0,,,,,,,,,
7,,,INFO,NAICS 2122 - Metal Mining,18.0,29311874.6661,MT,2122.0,2017.0,,,,,,,,,
8,,,INFO,NAICS 311 - Food,9.0,450080.5,MT,311.0,2017.0,,,,,,,,,
9,,,INFO,NAICS 321 - Wood Products,9.0,310657.48,MT,321.0,2017.0,,,,,,,,,
10,,,INFO,NAICS 325 - Chemicals,25.0,162571.842,MT,325.0,2017.0,,,,,,,,,
11,,,INFO,NAICS 327 - Nonmetallic Mineral Product,8.0,57882.500149800006,MT,327.0,2017.0,,,,,,,,,
12,,,INFO,NAICS 4247 - Petroleum Bulk Terminals,11.0,2713.8,MT,4247.0,2017.0,,,,,,,,,
13,,,INFO,NAICS 999 - Other,3.0,30222.0,MT,999.0,2017.0,,,,,,,,,
0,,,INFO,NAICS 337 - Furniture,4.0,3032.0,NE,337.0,2017.0,,,,,,,,,
1,,,INFO,NAICS 999 - Other,4.0,4586.5,NE,999.0,2017.0,,,,,,,,,
2,,,INFO,NAICS 313 - Textiles,3.0,3100.53,NE,313.0,2017.0,,,,,,,,,
3,,,INFO,NAICS 562 - Hazardous Waste,87.0,1405124.3500221185,NE,562.0,2017.0,,,,,,,,,
4,,,INFO,NAICS 325 - Chemicals,41.0,1957458.055244,NE,325.0,2017.0,,,,,,,,,
5,,,INFO,NAICS 4246 - Chemical Wholesalers,3.0,280.8,NE,4246.0,2017.0,,,,,,,,,
6,,,INFO,NAICS 332 - Fabricated Metals,19.0,717485.36177,NE,332.0,2017.0,,,,,,,,,
7,,,INFO,NAICS 336 - Transportation Equipment,16.0,267663.6852,NE,336.0,2017.0,,,,,,,,,
8,,,INFO,NAICS 335 - Electrical Equipment,9.0,10374.243605,NE,335.0,2017.0,,,,,,,,,
9,,,INFO,NAICS 324 - Petroleum,6.0,49.72003,NE,324.0,2017.0,,,,,,,,,
10,,,INFO,NAICS 326 - Plastics and Rubber,16.0,309139.3783,NE,326.0,2017.0,,,,,,,,,
11,,,INFO,NAICS 327 - Nonmetallic Mineral Product,12.0,262511.36747399997,NE,327.0,2017.0,,,,,,,,,
12,,,INFO,NAICS 339 - Miscellaneous Manufacturing,7.0,11461.69,NE,339.0,2017.0,,,,,,,,,
13,,,INFO,NAICS 2211 - Electric Utilities,19.0,5089476.438609595,NE,2211.0,2017.0,,,,,,,,,
14,,,INFO,NAICS 331 - Primary Metals,20.0,173012.676,NE,331.0,2017.0,,,,,,,,,
15,,,INFO,NAICS 311 - Food,40.0,7041938.357490263,NE,311.0,2017.0,,,,,,,,,
16,,,INFO,NAICS 334 - Computers/Electronics Products,10.0,89195.7141,NE,334.0,2017.0,,,,,,,,,
17,,,INFO,NAICS 321 - Wood Products,8.0,7.200002107201635,NE,321.0,2017.0,,,,,,,,,
18,,,INFO,NAICS 333 - Machinery,15.0,32008.61,NE,333.0,2017.0,,,,,,,,,
0,,,INFO,NAICS 2122 - Metal Mining,37.0,376644248.302,NV,2122.0,2017.0,,,,,,,,,
1,,,INFO,NAICS 321 - Wood Products,3.0,3.1,NV,321.0,2017.0,,,,,,,,,
2,,,INFO,NAICS 325 - Chemicals,24.0,3779088.3549,NV,325.0,2017.0,,,,,,,,,
3,,,INFO,NAICS 4247 - Petroleum Bulk Terminals,14.0,6084.4130000000005,NV,4247.0,2017.0,,,,,,,,,
4,,,INFO,NAICS 339 - Miscellaneous Manufacturing,2.0,0.0,NV,339.0,2017.0,,,,,,,,,
5,,,INFO,NAICS 2211 - Electric Utilities,12.0,182484.12300853094,NV,2211.0,2017.0,,,,,,,,,
6,,,INFO,NAICS 311 - Food,6.0,4268.4,NV,311.0,2017.0,,,,,,,,,
7,,,INFO,NAICS 562 - Hazardous Waste,50.0,11252580.5404,NV,562.0,2017.0,,,,,,,,,
8,,,INFO,NAICS 999 - Other,15.0,239026.20705,NV,999.0,2017.0,,,,,,,,,
9,,,INFO,NAICS 324 - Petroleum,9.0,2499.222,NV,324.0,2017.0,,,,,,,,,
10,,,INFO,NAICS 331 - Primary Metals,11.0,4958026.51,NV,331.0,2017.0,,,,,,,,,
11,,,INFO,NAICS 336 - Transportation Equipment,5.0,234.16185,NV,336.0,2017.0,,,,,,,,,
12,,,INFO,NAICS 327 - Nonmetallic Mineral Product,13.0,92717.83643514077,NV,327.0,2017.0,,,,,,,,,
13,,,INFO,NAICS 332 - Fabricated Metals,14.0,462728.6125,NV,332.0,2017.0,,,,,,,,,
14,,,INFO,NAICS 334 - Computers/Electronics Products,1.0,0.768,NV,334.0,2017.0,,,,,,,,,
15,,,INFO,NAICS 4246 - Chemical Wholesalers,1.0,5.0,NV,4246.0,2017.0,,,,,,,,,
16,,,INFO,NAICS 323 - Printing,4.0,164562.0,NV,323.0,2017.0,,,,,,,,,
17,,,INFO,NAICS 326 - Plastics and Rubber,13.0,27599.735,NV,326.0,2017.0,,,,,,,,,
18,,,INFO,NAICS 333 - Machinery,3.0,27.0,NV,333.0,2017.0,,,,,,,,,
0,,,INFO,NAICS 2211 - Electric Utilities,9.0,63474.44,NH,2211.0,2017.0,,,,,,,,,
1,,,INFO,NAICS 324 - Petroleum,5.0,141.5728,NH,324.0,2017.0,,,,,,,,,
2,,,INFO,NAICS 326 - Plastics and Rubber,7.0,36200.39,NH,326.0,2017.0,,,,,,,,,
3,,,INFO,NAICS 332 - Fabricated Metals,16.0,108661.464,NH,332.0,2017.0,,,,,,,,,
4,,,INFO,NAICS 333 - Machinery,7.0,351.85,NH,333.0,2017.0,,,,,,,,,
5,,,INFO,NAICS 327 - Nonmetallic Mineral Product,5.0,71.7702,NH,327.0,2017.0,,,,,,,,,
6,,,INFO,NAICS 4247 - Petroleum Bulk Terminals,9.0,3435.65657,NH,4247.0,2017.0,,,,,,,,,
7,,,INFO,NAICS 322 - Paper,2.0,0.0,NH,322.0,2017.0,,,,,,,,,
8,,,INFO,NAICS 331 - Primary Metals,14.0,30961.650980000002,NH,331.0,2017.0,,,,,,,,,
9,,,INFO,NAICS 334 - Computers/Electronics Products,18.0,20212.766597799997,NH,334.0,2017.0,,,,,,,,,
10,,,INFO,NAICS 325 - Chemicals,16.0,17586.66,NH,325.0,2017.0,,,,,,,,,
11,,,INFO,NAICS 335 - Electrical Equipment,11.0,9859.105,NH,335.0,2017.0,,,,,,,,,
12,,,INFO,NAICS 999 - Other,10.0,922.941,NH,999.0,2017.0,,,,,,,,,
13,,,INFO,NAICS 3121 - Beverages,1.0,0.0,NH,3121.0,2017.0,,,,,,,,,
14,,,INFO,NAICS 311 - Food,1.0,0.0,NH,311.0,2017.0,,,,,,,,,
15,,,INFO,NAICS 336 - Transportation Equipment,10.0,10349.47,NH,336.0,2017.0,,,,,,,,,
16,,,INFO,NAICS 339 - Miscellaneous Manufacturing,8.0,12730.89,NH,339.0,2017.0,,,,,,,,,
17,,,INFO,NAICS 313 - Textiles,1.0,11985.0,NH,313.0,2017.0,,,,,,,,,
18,,,INFO,NAICS 4246 - Chemical Wholesalers,4.0,4.87,NH,4246.0,2017.0,,,,,,,,,
0,,,INFO,NAICS 4246 - Chemical Wholesalers,38.0,47501.0,NJ,4246.0,2017.0,,,,,,,,,
1,,,INFO,NAICS 311 - Food,6.0,75679.54,NJ,311.0,2017.0,,,,,,,,,
2,,,INFO,NAICS 333 - Machinery,10.0,5773.5667,NJ,333.0,2017.0,,,,,,,,,
3,,,INFO,NAICS 322 - Paper,10.0,22867.850077349955,NJ,322.0,2017.0,,,,,,,,,
4,,,INFO,NAICS 4247 - Petroleum Bulk Terminals,17.0,71042.88,NJ,4247.0,2017.0,,,,,,,,,
5,,,INFO,NAICS 313 - Textiles,3.0,25693.0,NJ,313.0,2017.0,,,,,,,,,
6,,,INFO,NAICS 323 - Printing,2.0,23500.0,NJ,323.0,2017.0,,,,,,,,,
7,,,INFO,NAICS 562 - Hazardous Waste,30.0,2489104.08,NJ,562.0,2017.0,,,,,,,,,
8,,,INFO,NAICS 334 - Computers/Electronics Products,8.0,2956.011,NJ,334.0,2017.0,,,,,,,,,
9,,,INFO,NAICS 324 - Petroleum,40.0,3684866.8291641003,NJ,324.0,2017.0,,,,,,,,,
10,,,INFO,NAICS 332 - Fabricated Metals,30.0,760889.442,NJ,332.0,2017.0,,,,,,,,,
11,,,INFO,NAICS 336 - Transportation Equipment,6.0,50417.242,NJ,336.0,2017.0,,,,,,,,,
12,,,INFO,NAICS 337 - Furniture,1.0,16596.0,NJ,337.0,2017.0,,,,,,,,,
13,,,INFO,NAICS 331 - Primary Metals,37.0,896672.4476765255,NJ,331.0,2017.0,,,,,,,,,
14,,,INFO,NAICS 339 - Miscellaneous Manufacturing,11.0,19786.76,NJ,339.0,2017.0,,,,,,,,,
15,,,INFO,NAICS 999 - Other,5.0,257326.94,NJ,999.0,2017.0,,,,,,,,,
16,,,INFO,NAICS 325 - Chemicals,113.0,3521277.2548,NJ,325.0,2017.0,,,,,,,,,
17,,,INFO,NAICS 335 - Electrical Equipment,10.0,4754.38,NJ,335.0,2017.0,,,,,,,,,
18,,,INFO,NAICS 2211 - Electric Utilities,15.0,324005.8100024172,NJ,2211.0,2017.0,,,,,,,,,
19,,,INFO,NAICS 326 - Plastics and Rubber,12.0,108604.2554247,NJ,326.0,2017.0,,,,,,,,,
20,,,INFO,NAICS 327 - Nonmetallic Mineral Product,11.0,34591.665906,NJ,327.0,2017.0,,,,,,,,,
21,,,INFO,NAICS 511 - Publishing,2.0,0.14,NJ,511.0,2017.0,,,,,,,,,
22,,,INFO,NAICS 3121 - Beverages,1.0,291.0,NJ,3121.0,2017.0,,,,,,,,,
0,,,INFO,NAICS 2121 - Coal Mining,13.0,2662145.6,NM,2121.0,2017.0,,,,,,,,,
1,,,INFO,NAICS 311 - Food,8.0,115304.71800000001,NM,311.0,2017.0,,,,,,,,,
2,,,INFO,NAICS 331 - Primary Metals,5.0,474.0,NM,331.0,2017.0,,,,,,,,,
3,,,INFO,NAICS 325 - Chemicals,1.0,5952.5,NM,325.0,2017.0,,,,,,,,,
4,,,INFO,NAICS 335 - Electrical Equipment,5.0,32486.765,NM,335.0,2017.0,,,,,,,,,
5,,,INFO,NAICS 4246 - Chemical Wholesalers,8.0,12096.4,NM,4246.0,2017.0,,,,,,,,,
6,,,INFO,NAICS 2211 - Electric Utilities,21.0,4365779.070015922,NM,2211.0,2017.0,,,,,,,,,
7,,,INFO,NAICS 334 - Computers/Electronics Products,13.0,129005.24,NM,334.0,2017.0,,,,,,,,,
8,,,INFO,NAICS 999 - Other,9.0,6584733.387999999,NM,999.0,2017.0,,,,,,,,,
9,,,INFO,NAICS 324 - Petroleum,38.0,440244.6346029197,NM,324.0,2017.0,,,,,,,,,
10,,,INFO,NAICS 4247 - Petroleum Bulk Terminals,17.0,29393.680756,NM,4247.0,2017.0,,,,,,,,,
11,,,INFO,NAICS 339 - Miscellaneous Manufacturing,1.0,0.0,NM,339.0,2017.0,,,,,,,,,
12,,,INFO,NAICS 322 - Paper,3.0,260.0,NM,322.0,2017.0,,,,,,,,,
13,,,INFO,NAICS 562 - Hazardous Waste,4.0,131118.0,NM,562.0,2017.0,,,,,,,,,
14,,,INFO,NAICS 327 - Nonmetallic Mineral Product,4.0,1526.5000012796847,NM,327.0,2017.0,,,,,,,,,
15,,,INFO,NAICS 326 - Plastics and Rubber,4.0,8166.0,NM,326.0,2017.0,,,,,,,,,
16,,,INFO,NAICS 332 - Fabricated Metals,3.0,2715.75,NM,332.0,2017.0,,,,,,,,,
17,,,INFO,NAICS 2122 - Metal Mining,10.0,3464757.1,NM,2122.0,2017.0,,,,,,,,,
18,,,INFO,NAICS 337 - Furniture,2.0,265.0,NM,337.0,2017.0,,,,,,,,,
19,,,INFO,NAICS 321 - Wood Products,1.0,0.0,NM,321.0,2017.0,,,,,,,,,
0,,,INFO,NAICS 325 - Chemicals,107.0,1788181.776101729,NY,325.0,2017.0,,,,,,,,,
1,,,INFO,NAICS 334 - Computers/Electronics Products,25.0,1207904.504845,NY,334.0,2017.0,,,,,,,,,
2,,,INFO,NAICS 316 - Leather,1.0,130.0,NY,316.0,2017.0,,,,,,,,,
3,,,INFO,NAICS 4247 - Petroleum Bulk Terminals,19.0,50235.4835835,NY,4247.0,2017.0,,,,,,,,,
4,,,INFO,NAICS 339 - Miscellaneous Manufacturing,18.0,162384.5181,NY,339.0,2017.0,,,,,,,,,
5,,,INFO,NAICS 337 - Furniture,7.0,48006.100000587976,NY,337.0,2017.0,,,,,,,,,
6,,,INFO,NAICS 999 - Other,25.0,264687.5796647,NY,999.0,2017.0,,,,,,,,,
7,,,INFO,NAICS 322 - Paper,26.0,1935427.132075462,NY,322.0,2017.0,,,,,,,,,
8,,,INFO,NAICS 333 - Machinery,22.0,155789.869653,NY,333.0,2017.0,,,,,,,,,
9,,,INFO,NAICS 323 - Printing,7.0,63865.73,NY,323.0,2017.0,,,,,,,,,
10,,,INFO,NAICS 336 - Transportation Equipment,18.0,257850.5842,NY,336.0,2017.0,,,,,,,,,
11,,,INFO,NAICS 321 - Wood Products,4.0,608.0,NY,321.0,2017.0,,,,,,,,,
12,,,INFO,NAICS 332 - Fabricated Metals,35.0,645607.2811,NY,332.0,2017.0,,,,,,,,,
13,,,INFO,NAICS 3121 - Beverages,6.0,1412467.56,NY,3121.0,2017.0,,,,,,,,,
14,,,INFO,NAICS 331 - Primary Metals,43.0,2432420.067816538,NY,331.0,2017.0,,,,,,,,,
15,,,INFO,NAICS 313 - Textiles,6.0,31428.5,NY,313.0,2017.0,,,,,,,,,
16,,,INFO,NAICS 4246 - Chemical Wholesalers,34.0,19008.75,NY,4246.0,2017.0,,,,,,,,,
17,,,INFO,NAICS 2211 - Electric Utilities,26.0,1417890.5755360536,NY,2211.0,2017.0,,,,,,,,,
18,,,INFO,NAICS 2122 - Metal Mining,6.0,2008.1,NY,2122.0,2017.0,,,,,,,,,
19,,,INFO,NAICS 562 - Hazardous Waste,10.0,7714850.31,NY,562.0,2017.0,,,,,,,,,
20,,,INFO,NAICS 311 - Food,17.0,1375040.82,NY,311.0,2017.0,,,,,,,,,
21,,,INFO,NAICS 327 - Nonmetallic Mineral Product,88.0,331732.61337479996,NY,327.0,2017.0,,,,,,,,,
22,,,INFO,NAICS 324 - Petroleum,8.0,4638.44866,NY,324.0,2017.0,,,,,,,,,
23,,,INFO,NAICS 326 - Plastics and Rubber,23.0,474753.7436,NY,326.0,2017.0,,,,,,,,,
24,,,INFO,NAICS 335 - Electrical Equipment,17.0,231543.2077,NY,335.0,2017.0,,,,,,,,,
0,,,INFO,NAICS 332 - Fabricated Metals,42.0,956119.7246488525,NC,332.0,2017.0,,,,,,,,,
1,,,INFO,NAICS 325 - Chemicals,120.0,11146483.529823262,NC,325.0,2017.0,,,,,,,,,
2,,,INFO,NAICS 336 - Transportation Equipment,37.0,879055.7306299999,NC,336.0,2017.0,,,,,,,,,
3,,,INFO,NAICS 333 - Machinery,27.0,223983.9367529,NC,333.0,2017.0,,,,,,,,,
4,,,INFO,NAICS 311 - Food,26.0,8041816.31201323,NC,311.0,2017.0,,,,,,,,,
5,,,INFO,NAICS 323 - Printing,8.0,145121.44,NC,323.0,2017.0,,,,,,,,,
6,,,INFO,NAICS 3122 - Tobacco,3.0,481487.23,NC,3122.0,2017.0,,,,,,,,,
7,,,INFO,NAICS 322 - Paper,32.0,9502246.44386322,NC,322.0,2017.0,,,,,,,,,
8,,,INFO,NAICS 339 - Miscellaneous Manufacturing,5.0,23558.9,NC,339.0,2017.0,,,,,,,,,
9,,,INFO,NAICS 4247 - Petroleum Bulk Terminals,17.0,12982.8675,NC,4247.0,2017.0,,,,,,,,,
10,,,INFO,NAICS 327 - Nonmetallic Mineral Product,44.0,846879.4029399999,NC,327.0,2017.0,,,,,,,,,
11,,,INFO,NAICS 331 - Primary Metals,33.0,1101692.1090000002,NC,331.0,2017.0,,,,,,,,,
12,,,INFO,NAICS 314 - Textile Product,8.0,28038.8,NC,314.0,2017.0,,,,,,,,,
13,,,INFO,NAICS 337 - Furniture,10.0,190560.15634638257,NC,337.0,2017.0,,,,,,,,,
14,,,INFO,NAICS 3121 - Beverages,2.0,0.0,NC,3121.0,2017.0,,,,,,,,,
15,,,INFO,NAICS 326 - Plastics and Rubber,32.0,1229647.32875,NC,326.0,2017.0,,,,,,,,,
16,,,INFO,NAICS 324 - Petroleum,10.0,178253.6472005708,NC,324.0,2017.0,,,,,,,,,
17,,,INFO,NAICS 2211 - Electric Utilities,23.0,13948673.103683483,NC,2211.0,2017.0,,,,,,,,,
18,,,INFO,NAICS 313 - Textiles,12.0,234461.62600000002,NC,313.0,2017.0,,,,,,,,,
19,,,INFO,NAICS 4246 - Chemical Wholesalers,27.0,24906.036969,NC,4246.0,2017.0,,,,,,,,,
20,,,INFO,NAICS 335 - Electrical Equipment,22.0,233847.45863,NC,335.0,2017.0,,,,,,,,,
21,,,INFO,NAICS 999 - Other,23.0,1450269.1150530002,NC,999.0,2017.0,,,,,,,,,
22,,,INFO,NAICS 2122 - Metal Mining,1.0,0.0,NC,2122.0,2017.0,,,,,,,,,
23,,,INFO,NAICS 321 - Wood Products,22.0,1582729.8248283428,NC,321.0,2017.0,,,,,,,,,
24,,,INFO,NAICS 334 - Computers/Electronics Products,18.0,76198.4904,NC,334.0,2017.0,,,,,,,,,
25,,,INFO,NAICS 316 - Leather,1.0,750.0,NC,316.0,2017.0,,,,,,,,,
26,,,INFO,NAICS 562 - Hazardous Waste,7.0,30750.447889999996,NC,562.0,2017.0,,,,,,,,,
0,,,INFO,NAICS 336 - Transportation Equipment,6.0,25.33,ND,336.0,2017.0,,,,,,,,,
1,,,INFO,NAICS 339 - Miscellaneous Manufacturing,1.0,41.64,ND,339.0,2017.0,,,,,,,,,
2,,,INFO,NAICS 335 - Electrical Equipment,1.0,97306.0,ND,335.0,2017.0,,,,,,,,,
3,,,INFO,NAICS 327 - Nonmetallic Mineral Product,9.0,40135.981567,ND,327.0,2017.0,,,,,,,,,
4,,,INFO,NAICS 4246 - Chemical Wholesalers,6.0,8775.0,ND,4246.0,2017.0,,,,,,,,,
5,,,INFO,NAICS 331 - Primary Metals,2.0,4.8,ND,331.0,2017.0,,,,,,,,,
6,,,INFO,NAICS 321 - Wood Products,2.0,0.0,ND,321.0,2017.0,,,,,,,,,
7,,,INFO,NAICS 334 - Computers/Electronics Products,1.0,2.0851584,ND,334.0,2017.0,,,,,,,,,
8,,,INFO,NAICS 311 - Food,18.0,1563027.8031275289,ND,311.0,2017.0,,,,,,,,,
9,,,INFO,NAICS 2211 - Electric Utilities,39.0,23610788.096776836,ND,2211.0,2017.0,,,,,,,,,
10,,,INFO,NAICS 325 - Chemicals,52.0,12954498.92000074,ND,325.0,2017.0,,,,,,,,,
11,,,INFO,NAICS 2121 - Coal Mining,2.0,32827.66,ND,2121.0,2017.0,,,,,,,,,
12,,,INFO,NAICS 999 - Other,3.0,5000.0,ND,999.0,2017.0,,,,,,,,,
13,,,INFO,NAICS 326 - Plastics and Rubber,2.0,1769.7,ND,326.0,2017.0,,,,,,,,,
14,,,INFO,NAICS 324 - Petroleum,37.0,305458.5497740452,ND,324.0,2017.0,,,,,,,,,
15,,,INFO,NAICS 333 - Machinery,13.0,430758.43,ND,333.0,2017.0,,,,,,,,,
16,,,INFO,NAICS 4247 - Petroleum Bulk Terminals,14.0,10605.09,ND,4247.0,2017.0,,,,,,,,,
17,,,INFO,NAICS 332 - Fabricated Metals,4.0,1087.347,ND,332.0,2017.0,,,,,,,,,
0,,,INFO,NAICS 336 - Transportation Equipment,49.0,2278131.009767629,OH,336.0,2017.0,,,,,,,,,
1,,,INFO,NAICS 337 - Furniture,14.0,53018.34240396909,OH,337.0,2017.0,,,,,,,,,
2,,,INFO,NAICS 323 - Printing,10.0,23199.02,OH,323.0,2017.0,,,,,,,,,
3,,,INFO,NAICS 321 - Wood Products,8.0,52350.2,OH,321.0,2017.0,,,,,,,,,
4,,,INFO,NAICS 314 - Textile Product,2.0,1578.0,OH,314.0,2017.0,,,,,,,,,
5,,,INFO,NAICS 4247 - Petroleum Bulk Terminals,15.0,43723.751,OH,4247.0,2017.0,,,,,,,,,
6,,,INFO,NAICS 3121 - Beverages,4.0,62294.2,OH,3121.0,2017.0,,,,,,,,,
7,,,INFO,NAICS 311 - Food,23.0,1881904.3058,OH,311.0,2017.0,,,,,,,,,
8,,,INFO,NAICS 2121 - Coal Mining,2.0,29409.7,OH,2121.0,2017.0,,,,,,,,,
9,,,INFO,NAICS 4246 - Chemical Wholesalers,47.0,91199.296,OH,4246.0,2017.0,,,,,,,,,
10,,,INFO,NAICS 322 - Paper,26.0,1026978.8960032084,OH,322.0,2017.0,,,,,,,,,
11,,,INFO,NAICS 999 - Other,32.0,357169.07949090004,OH,999.0,2017.0,,,,,,,,,
12,,,INFO,NAICS 333 - Machinery,32.0,1178059.43787,OH,333.0,2017.0,,,,,,,,,
13,,,INFO,NAICS 562 - Hazardous Waste,232.0,14129942.144251432,OH,562.0,2017.0,,,,,,,,,
14,,,INFO,NAICS 332 - Fabricated Metals,48.0,5290752.902480001,OH,332.0,2017.0,,,,,,,,,
15,,,INFO,NAICS 331 - Primary Metals,53.0,32103443.664292432,OH,331.0,2017.0,,,,,,,,,
16,,,INFO,NAICS 326 - Plastics and Rubber,42.0,1457055.002262,OH,326.0,2017.0,,,,,,,,,
17,,,INFO,NAICS 339 - Miscellaneous Manufacturing,23.0,116872.07,OH,339.0,2017.0,,,,,,,,,
18,,,INFO,NAICS 313 - Textiles,7.0,54373.0,OH,313.0,2017.0,,,,,,,,,
19,,,INFO,NAICS 335 - Electrical Equipment,30.0,394540.94210100005,OH,335.0,2017.0,,,,,,,,,
20,,,INFO,NAICS 334 - Computers/Electronics Products,16.0,565207.4864624001,OH,334.0,2017.0,,,,,,,,,
21,,,INFO,NAICS 324 - Petroleum,56.0,2088280.675504521,OH,324.0,2017.0,,,,,,,,,
22,,,INFO,NAICS 325 - Chemicals,168.0,28784888.709729444,OH,325.0,2017.0,,,,,,,,,
23,,,INFO,NAICS 2211 - Electric Utilities,24.0,21668700.046089042,OH,2211.0,2017.0,,,,,,,,,
24,,,INFO,NAICS 327 - Nonmetallic Mineral Product,60.0,4008628.8605891517,OH,327.0,2017.0,,,,,,,,,
0,,,INFO,NAICS 333 - Machinery,23.0,85450.2338,OK,333.0,2017.0,,,,,,,,,
1,,,INFO,NAICS 4246 - Chemical Wholesalers,20.0,18084.5,OK,4246.0,2017.0,,,,,,,,,
2,,,INFO,NAICS 313 - Textiles,2.0,1400.0,OK,313.0,2017.0,,,,,,,,,
3,,,INFO,NAICS 331 - Primary Metals,23.0,593076.3060703775,OK,331.0,2017.0,,,,,,,,,
4,,,INFO,NAICS 322 - Paper,19.0,6154358.216047393,OK,322.0,2017.0,,,,,,,,,
5,,,INFO,NAICS 325 - Chemicals,69.0,9671049.43377,OK,325.0,2017.0,,,,,,,,,
6,,,INFO,NAICS 326 - Plastics and Rubber,25.0,476968.505,OK,326.0,2017.0,,,,,,,,,
7,,,INFO,NAICS 999 - Other,18.0,460803.23176999995,OK,999.0,2017.0,,,,,,,,,
8,,,INFO,NAICS 323 - Printing,5.0,68898.0,OK,323.0,2017.0,,,,,,,,,
9,,,INFO,NAICS 562 - Hazardous Waste,29.0,4575299.6204087995,OK,562.0,2017.0,,,,,,,,,
10,,,INFO,NAICS 321 - Wood Products,13.0,311101.5400890106,OK,321.0,2017.0,,,,,,,,,
11,,,INFO,NAICS 334 - Computers/Electronics Products,6.0,400.01,OK,334.0,2017.0,,,,,,,,,
12,,,INFO,NAICS 324 - Petroleum,50.0,1462849.3453032365,OK,324.0,2017.0,,,,,,,,,
13,,,INFO,NAICS 327 - Nonmetallic Mineral Product,44.0,348275.5498178383,OK,327.0,2017.0,,,,,,,,,
14,,,INFO,NAICS 335 - Electrical Equipment,12.0,77310.664,OK,335.0,2017.0,,,,,,,,,
15,,,INFO,NAICS 2211 - Electric Utilities,17.0,1550960.7627155585,OK,2211.0,2017.0,,,,,,,,,
16,,,INFO,NAICS 311 - Food,13.0,3327835.4,OK,311.0,2017.0,,,,,,,,,
17,,,INFO,NAICS 339 - Miscellaneous Manufacturing,4.0,27573.0,OK,339.0,2017.0,,,,,,,,,
18,,,INFO,NAICS 332 - Fabricated Metals,24.0,748841.75101,OK,332.0,2017.0,,,,,,,,,
19,,,INFO,NAICS 336 - Transportation Equipment,21.0,315160.50201999996,OK,336.0,2017.0,,,,,,,,,
20,,,INFO,NAICS 4247 - Petroleum Bulk Terminals,24.0,24649.293999999998,OK,4247.0,2017.0,,,,,,,,,
0,,,INFO,NAICS 321 - Wood Products,20.0,1236404.0230362387,OR,321.0,2017.0,,,,,,,,,
1,,,INFO,NAICS 333 - Machinery,5.0,784.815531,OR,333.0,2017.0,,,,,,,,,
2,,,INFO,NAICS 336 - Transportation Equipment,23.0,291243.2519,OR,336.0,2017.0,,,,,,,,,
3,,,INFO,NAICS 339 - Miscellaneous Manufacturing,3.0,28490.32,OR,339.0,2017.0,,,,,,,,,
4,,,INFO,NAICS 4246 - Chemical Wholesalers,14.0,6818.805,OR,4246.0,2017.0,,,,,,,,,
5,,,INFO,NAICS 562 - Hazardous Waste,52.0,9567094.904,OR,562.0,2017.0,,,,,,,,,
6,,,INFO,NAICS 332 - Fabricated Metals,24.0,191435.524416,OR,332.0,2017.0,,,,,,,,,
7,,,INFO,NAICS 335 - Electrical Equipment,3.0,35.0,OR,335.0,2017.0,,,,,,,,,
8,,,INFO,NAICS 3121 - Beverages,1.0,0.0,OR,3121.0,2017.0,,,,,,,,,
9,,,INFO,NAICS 334 - Computers/Electronics Products,17.0,365322.79016,OR,334.0,2017.0,,,,,,,,,
10,,,INFO,NAICS 4247 - Petroleum Bulk Terminals,14.0,12587.51,OR,4247.0,2017.0,,,,,,,,,
11,,,INFO,NAICS 999 - Other,4.0,5070.15,OR,999.0,2017.0,,,,,,,,,
12,,,INFO,NAICS 311 - Food,7.0,244916.1,OR,311.0,2017.0,,,,,,,,,
13,,,INFO,NAICS 326 - Plastics and Rubber,14.0,166683.3,OR,326.0,2017.0,,,,,,,,,
14,,,INFO,NAICS 323 - Printing,1.0,755.0,OR,323.0,2017.0,,,,,,,,,
15,,,INFO,NAICS 324 - Petroleum,15.0,8223.6223032,OR,324.0,2017.0,,,,,,,,,
16,,,INFO,NAICS 327 - Nonmetallic Mineral Product,11.0,29937.6130427,OR,327.0,2017.0,,,,,,,,,
17,,,INFO,NAICS 331 - Primary Metals,28.0,2492558.3671323997,OR,331.0,2017.0,,,,,,,,,
18,,,INFO,NAICS 337 - Furniture,7.0,156849.68,OR,337.0,2017.0,,,,,,,,,
19,,,INFO,NAICS 2211 - Electric Utilities,8.0,379020.1000077613,OR,2211.0,2017.0,,,,,,,,,
20,,,INFO,NAICS 322 - Paper,22.0,3366330.0696102004,OR,322.0,2017.0,,,,,,,,,
21,,,INFO,NAICS 325 - Chemicals,50.0,1002082.5779599999,OR,325.0,2017.0,,,,,,,,,
0,,,INFO,NAICS 324 - Petroleum,55.0,5433078.439700793,PA,324.0,2017.0,,,,,,,,,
1,,,INFO,NAICS 311 - Food,15.0,1910447.351,PA,311.0,2017.0,,,,,,,,,
2,,,INFO,NAICS 316 - Leather,2.0,34579.0,PA,316.0,2017.0,,,,,,,,,
3,,,INFO,NAICS 325 - Chemicals,150.0,2941073.187445804,PA,325.0,2017.0,,,,,,,,,
4,,,INFO,NAICS 335 - Electrical Equipment,23.0,683068.2479636193,PA,335.0,2017.0,,,,,,,,,
5,,,INFO,NAICS 313 - Textiles,2.0,17062.62,PA,313.0,2017.0,,,,,,,,,
6,,,INFO,NAICS 331 - Primary Metals,63.0,14801343.166733794,PA,331.0,2017.0,,,,,,,,,
7,,,INFO,NAICS 323 - Printing,8.0,212174.44,PA,323.0,2017.0,,,,,,,,,
8,,,INFO,NAICS 3121 - Beverages,4.0,2091.5,PA,3121.0,2017.0,,,,,,,,,
9,,,INFO,NAICS 326 - Plastics and Rubber,32.0,791367.84217,PA,326.0,2017.0,,,,,,,,,
10,,,INFO,NAICS 2211 - Electric Utilities,35.0,16306310.03826494,PA,2211.0,2017.0,,,,,,,,,
11,,,INFO,NAICS 339 - Miscellaneous Manufacturing,18.0,287703.3614,PA,339.0,2017.0,,,,,,,,,
12,,,INFO,NAICS 3122 - Tobacco,1.0,20454.047,PA,3122.0,2017.0,,,,,,,,,
13,,,INFO,NAICS 4246 - Chemical Wholesalers,44.0,46665.2164,PA,4246.0,2017.0,,,,,,,,,
14,,,INFO,NAICS 321 - Wood Products,23.0,476887.35500446055,PA,321.0,2017.0,,,,,,,,,
15,,,INFO,NAICS 999 - Other,12.0,116650.427,PA,999.0,2017.0,,,,,,,,,
16,,,INFO,NAICS 334 - Computers/Electronics Products,16.0,65983.7676086,PA,334.0,2017.0,,,,,,,,,
17,,,INFO,NAICS 327 - Nonmetallic Mineral Product,49.0,868556.32813297,PA,327.0,2017.0,,,,,,,,,
18,,,INFO,NAICS 322 - Paper,31.0,1583060.6608463502,PA,322.0,2017.0,,,,,,,,,
19,,,INFO,NAICS 332 - Fabricated Metals,50.0,1932926.1643246002,PA,332.0,2017.0,,,,,,,,,
20,,,INFO,NAICS 333 - Machinery,27.0,495204.2728,PA,333.0,2017.0,,,,,,,,,
21,,,INFO,NAICS 336 - Transportation Equipment,35.0,519884.6579,PA,336.0,2017.0,,,,,,,,,
22,,,INFO,NAICS 4247 - Petroleum Bulk Terminals,16.0,24851.9383218,PA,4247.0,2017.0,,,,,,,,,
23,,,INFO,NAICS 337 - Furniture,13.0,461949.8138,PA,337.0,2017.0,,,,,,,,,
24,,,INFO,NAICS 562 - Hazardous Waste,35.0,4269628.288369999,PA,562.0,2017.0,,,,,,,,,
0,,,INFO,NAICS 313 - Textiles,5.0,14845.29,RI,313.0,2017.0,,,,,,,,,
1,,,INFO,NAICS 334 - Computers/Electronics Products,4.0,1030.8894125,RI,334.0,2017.0,,,,,,,,,
2,,,INFO,NAICS 336 - Transportation Equipment,11.0,20506.8864475,RI,336.0,2017.0,,,,,,,,,
3,,,INFO,NAICS 562 - Hazardous Waste,7.0,1523.44,RI,562.0,2017.0,,,,,,,,,
4,,,INFO,NAICS 335 - Electrical Equipment,8.0,26187.298,RI,335.0,2017.0,,,,,,,,,
5,,,INFO,NAICS 327 - Nonmetallic Mineral Product,2.0,3809.28,RI,327.0,2017.0,,,,,,,,,
6,,,INFO,NAICS 4247 - Petroleum Bulk Terminals,15.0,56512.45,RI,4247.0,2017.0,,,,,,,,,
7,,,INFO,NAICS 332 - Fabricated Metals,18.0,79474.2527,RI,332.0,2017.0,,,,,,,,,
8,,,INFO,NAICS 2211 - Electric Utilities,5.0,104237.5,RI,2211.0,2017.0,,,,,,,,,
9,,,INFO,NAICS 321 - Wood Products,4.0,12010.658000000001,RI,321.0,2017.0,,,,,,,,,
10,,,INFO,NAICS 325 - Chemicals,27.0,22506.01936,RI,325.0,2017.0,,,,,,,,,
11,,,INFO,NAICS 331 - Primary Metals,20.0,65958.19,RI,331.0,2017.0,,,,,,,,,
12,,,INFO,NAICS 4246 - Chemical Wholesalers,10.0,1351.2,RI,4246.0,2017.0,,,,,,,,,
13,,,INFO,NAICS 322 - Paper,2.0,55.29,RI,322.0,2017.0,,,,,,,,,
14,,,INFO,NAICS 339 - Miscellaneous Manufacturing,4.0,38.61252,RI,339.0,2017.0,,,,,,,,,
15,,,INFO,NAICS 333 - Machinery,1.0,165.00099999999998,RI,333.0,2017.0,,,,,,,,,
16,,,INFO,NAICS 999 - Other,1.0,0.0,RI,999.0,2017.0,,,,,,,,,
17,,,INFO,NAICS 326 - Plastics and Rubber,11.0,29734.01,RI,326.0,2017.0,,,,,,,,,
0,,,INFO,NAICS 311 - Food,14.0,535401.868038,SC,311.0,2017.0,,,,,,,,,
1,,,INFO,NAICS 325 - Chemicals,146.0,7787168.287080247,SC,325.0,2017.0,,,,,,,,,
2,,,INFO,NAICS 335 - Electrical Equipment,23.0,192949.72,SC,335.0,2017.0,,,,,,,,,
3,,,INFO,NAICS 336 - Transportation Equipment,36.0,1740784.880344,SC,336.0,2017.0,,,,,,,,,
4,,,INFO,NAICS 4246 - Chemical Wholesalers,25.0,13695.7283,SC,4246.0,2017.0,,,,,,,,,
5,,,INFO,NAICS 334 - Computers/Electronics Products,15.0,203060.55,SC,334.0,2017.0,,,,,,,,,
6,,,INFO,NAICS 323 - Printing,8.0,542986.2,SC,323.0,2017.0,,,,,,,,,
7,,,INFO,NAICS 333 - Machinery,27.0,101858.7758261,SC,333.0,2017.0,,,,,,,,,
8,,,INFO,NAICS 326 - Plastics and Rubber,28.0,1624908.752358419,SC,326.0,2017.0,,,,,,,,,
9,,,INFO,NAICS 332 - Fabricated Metals,32.0,1102369.453518,SC,332.0,2017.0,,,,,,,,,
10,,,INFO,NAICS 4247 - Petroleum Bulk Terminals,15.0,3398.28,SC,4247.0,2017.0,,,,,,,,,
11,,,INFO,NAICS 337 - Furniture,1.0,49072.0,SC,337.0,2017.0,,,,,,,,,
12,,,INFO,NAICS 313 - Textiles,17.0,680882.18,SC,313.0,2017.0,,,,,,,,,
13,,,INFO,NAICS 339 - Miscellaneous Manufacturing,5.0,155977.18,SC,339.0,2017.0,,,,,,,,,
14,,,INFO,NAICS 2211 - Electric Utilities,21.0,2269345.200015235,SC,2211.0,2017.0,,,,,,,,,
15,,,INFO,NAICS 327 - Nonmetallic Mineral Product,103.0,1220003.6017747573,SC,327.0,2017.0,,,,,,,,,
16,,,INFO,NAICS 331 - Primary Metals,42.0,4139769.281660193,SC,331.0,2017.0,,,,,,,,,
17,,,INFO,NAICS 322 - Paper,36.0,11054026.300246444,SC,322.0,2017.0,,,,,,,,,
18,,,INFO,NAICS 999 - Other,15.0,621194.4820300001,SC,999.0,2017.0,,,,,,,,,
19,,,INFO,NAICS 321 - Wood Products,17.0,579745.0190056195,SC,321.0,2017.0,,,,,,,,,
20,,,INFO,NAICS 324 - Petroleum,3.0,19.42,SC,324.0,2017.0,,,,,,,,,
21,,,INFO,NAICS 562 - Hazardous Waste,13.0,124467.20199999999,SC,562.0,2017.0,,,,,,,,,
0,,,INFO,NAICS 325 - Chemicals,16.0,282611.38587809994,SD,325.0,2017.0,,,,,,,,,
1,,,INFO,NAICS 332 - Fabricated Metals,10.0,33041.405,SD,332.0,2017.0,,,,,,,,,
2,,,INFO,NAICS 334 - Computers/Electronics Products,3.0,3.0970009999999997,SD,334.0,2017.0,,,,,,,,,
3,,,INFO,NAICS 2122 - Metal Mining,8.0,1216807.93,SD,2122.0,2017.0,,,,,,,,,
4,,,INFO,NAICS 333 - Machinery,7.0,2109.43473,SD,333.0,2017.0,,,,,,,,,
5,,,INFO,NAICS 999 - Other,2.0,35.3,SD,999.0,2017.0,,,,,,,,,
6,,,INFO,NAICS 336 - Transportation Equipment,8.0,591.1709999999999,SD,336.0,2017.0,,,,,,,,,
7,,,INFO,NAICS 337 - Furniture,6.0,258787.82,SD,337.0,2017.0,,,,,,,,,
8,,,INFO,NAICS 326 - Plastics and Rubber,2.0,56944.0,SD,326.0,2017.0,,,,,,,,,
9,,,INFO,NAICS 327 - Nonmetallic Mineral Product,14.0,58150.87176063074,SD,327.0,2017.0,,,,,,,,,
10,,,INFO,NAICS 339 - Miscellaneous Manufacturing,7.0,48085.0,SD,339.0,2017.0,,,,,,,,,
11,,,INFO,NAICS 2211 - Electric Utilities,10.0,533448.3906020848,SD,2211.0,2017.0,,,,,,,,,
12,,,INFO,NAICS 3121 - Beverages,3.0,13612.4,SD,3121.0,2017.0,,,,,,,,,
13,,,INFO,NAICS 321 - Wood Products,5.0,1328.0,SD,321.0,2017.0,,,,,,,,,
14,,,INFO,NAICS 311 - Food,12.0,3862878.4,SD,311.0,2017.0,,,,,,,,,
15,,,INFO,NAICS 331 - Primary Metals,10.0,41276.64024930471,SD,331.0,2017.0,,,,,,,,,
0,,,INFO,NAICS 325 - Chemicals,151.0,21999796.269164857,TN,325.0,2017.0,,,,,,,,,
1,,,INFO,NAICS 999 - Other,11.0,5432391.2133,TN,999.0,2017.0,,,,,,,,,
2,,,INFO,NAICS 331 - Primary Metals,50.0,5806909.209672235,TN,331.0,2017.0,,,,,,,,,
3,,,INFO,NAICS 332 - Fabricated Metals,37.0,1181572.5198889999,TN,332.0,2017.0,,,,,,,,,
4,,,INFO,NAICS 4247 - Petroleum Bulk Terminals,26.0,30632.941166000004,TN,4247.0,2017.0,,,,,,,,,
5,,,INFO,NAICS 4246 - Chemical Wholesalers,31.0,12589.3,TN,4246.0,2017.0,,,,,,,,,
6,,,INFO,NAICS 323 - Printing,6.0,93140.8284,TN,323.0,2017.0,,,,,,,,,
7,,,INFO,NAICS 3122 - Tobacco,2.0,75858.5,TN,3122.0,2017.0,,,,,,,,,
8,,,INFO,NAICS 2122 - Metal Mining,10.0,21087716.419336,TN,2122.0,2017.0,,,,,,,,,
9,,,INFO,NAICS 327 - Nonmetallic Mineral Product,31.0,158461.01983757864,TN,327.0,2017.0,,,,,,,,,
10,,,INFO,NAICS 335 - Electrical Equipment,31.0,437102.61222,TN,335.0,2017.0,,,,,,,,,
11,,,INFO,NAICS 339 - Miscellaneous Manufacturing,14.0,280427.4411,TN,339.0,2017.0,,,,,,,,,
12,,,INFO,NAICS 313 - Textiles,11.0,181006.22,TN,313.0,2017.0,,,,,,,,,
13,,,INFO,NAICS 2211 - Electric Utilities,24.0,9507962.900027711,TN,2211.0,2017.0,,,,,,,,,
14,,,INFO,NAICS 337 - Furniture,4.0,7.8406,TN,337.0,2017.0,,,,,,,,,
15,,,INFO,NAICS 314 - Textile Product,2.0,8912.978000000001,TN,314.0,2017.0,,,,,,,,,
16,,,INFO,NAICS 311 - Food,19.0,1324657.971,TN,311.0,2017.0,,,,,,,,,
17,,,INFO,NAICS 324 - Petroleum,41.0,633036.550002264,TN,324.0,2017.0,,,,,,,,,
18,,,INFO,NAICS 321 - Wood Products,7.0,8830.59,TN,321.0,2017.0,,,,,,,,,
19,,,INFO,NAICS 3121 - Beverages,3.0,2.200004240658205,TN,3121.0,2017.0,,,,,,,,,
20,,,INFO,NAICS 336 - Transportation Equipment,48.0,2935570.857467,TN,336.0,2017.0,,,,,,,,,
21,,,INFO,NAICS 334 - Computers/Electronics Products,11.0,16876.251,TN,334.0,2017.0,,,,,,,,,
22,,,INFO,NAICS 562 - Hazardous Waste,41.0,3072642.712,TN,562.0,2017.0,,,,,,,,,
23,,,INFO,NAICS 326 - Plastics and Rubber,39.0,3799666.1839294,TN,326.0,2017.0,,,,,,,,,
24,,,INFO,NAICS 322 - Paper,30.0,5214045.583934663,TN,322.0,2017.0,,,,,,,,,
25,,,INFO,NAICS 333 - Machinery,21.0,142294.0681,TN,333.0,2017.0,,,,,,,,,
26,,,INFO,NAICS 316 - Leather,3.0,1004.195,TN,316.0,2017.0,,,,,,,,,
0,,,INFO,NAICS 334 - Computers/Electronics Products,22.0,541043.4473,TX,334.0,2017.0,,,,,,,,,
1,,,INFO,NAICS 322 - Paper,29.0,5432929.146950355,TX,322.0,2017.0,,,,,,,,,
2,,,INFO,NAICS 4247 - Petroleum Bulk Terminals,37.0,449442.291,TX,4247.0,2017.0,,,,,,,,,
3,,,INFO,NAICS 324 - Petroleum,85.0,21859975.24699736,TX,324.0,2017.0,,,,,,,,,
4,,,INFO,NAICS 335 - Electrical Equipment,21.0,93545.92557200001,TX,335.0,2017.0,,,,,,,,,
5,,,INFO,NAICS 339 - Miscellaneous Manufacturing,13.0,82000.59098,TX,339.0,2017.0,,,,,,,,,
6,,,INFO,NAICS 333 - Machinery,29.0,327527.379537,TX,333.0,2017.0,,,,,,,,,
7,,,INFO,NAICS 323 - Printing,5.0,21983.4512,TX,323.0,2017.0,,,,,,,,,
8,,,INFO,NAICS 321 - Wood Products,20.0,500023.05690324266,TX,321.0,2017.0,,,,,,,,,
9,,,INFO,NAICS 327 - Nonmetallic Mineral Product,36.0,2337238.4261728604,TX,327.0,2017.0,,,,,,,,,
10,,,INFO,NAICS 325 - Chemicals,259.0,122268147.8679396,TX,325.0,2017.0,,,,,,,,,
11,,,INFO,NAICS 316 - Leather,2.0,25192.1,TX,316.0,2017.0,,,,,,,,,
12,,,INFO,NAICS 562 - Hazardous Waste,250.0,9919333.529830126,TX,562.0,2017.0,,,,,,,,,
13,,,INFO,NAICS 999 - Other,47.0,1240865.599305,TX,999.0,2017.0,,,,,,,,,
14,,,INFO,NAICS 326 - Plastics and Rubber,46.0,2227273.269625,TX,326.0,2017.0,,,,,,,,,
15,,,INFO,NAICS 332 - Fabricated Metals,47.0,2845330.270972,TX,332.0,2017.0,,,,,,,,,
16,,,INFO,NAICS 4246 - Chemical Wholesalers,78.0,329344.7155,TX,4246.0,2017.0,,,,,,,,,
17,,,INFO,NAICS 313 - Textiles,4.0,11361.9,TX,313.0,2017.0,,,,,,,,,
18,,,INFO,NAICS 2211 - Electric Utilities,53.0,28794680.103113763,TX,2211.0,2017.0,,,,,,,,,
19,,,INFO,NAICS 3121 - Beverages,7.0,39731.00000069089,TX,3121.0,2017.0,,,,,,,,,
20,,,INFO,NAICS 337 - Furniture,7.0,45221.67,TX,337.0,2017.0,,,,,,,,,
21,,,INFO,NAICS 331 - Primary Metals,51.0,2556741.970102513,TX,331.0,2017.0,,,,,,,,,
22,,,INFO,NAICS 311 - Food,19.0,6440778.067000001,TX,311.0,2017.0,,,,,,,,,
23,,,INFO,NAICS 336 - Transportation Equipment,49.0,979662.712,TX,336.0,2017.0,,,,,,,,,
0,,,INFO,NAICS 311 - Food,9.0,188890.41,UT,311.0,2017.0,,,,,,,,,
1,,,INFO,NAICS 326 - Plastics and Rubber,7.0,62811.71516,UT,326.0,2017.0,,,,,,,,,
2,,,INFO,NAICS 4246 - Chemical Wholesalers,10.0,12040.47,UT,4246.0,2017.0,,,,,,,,,
3,,,INFO,NAICS 2122 - Metal Mining,20.0,235574141.66000172,UT,2122.0,2017.0,,,,,,,,,
4,,,INFO,NAICS 2211 - Electric Utilities,23.0,4897510.950044747,UT,2211.0,2017.0,,,,,,,,,
5,,,INFO,NAICS 327 - Nonmetallic Mineral Product,14.0,294027.2075763937,UT,327.0,2017.0,,,,,,,,,
6,,,INFO,NAICS 331 - Primary Metals,41.0,46189254.06521971,UT,331.0,2017.0,,,,,,,,,
7,,,INFO,NAICS 562 - Hazardous Waste,121.0,16239403.400974972,UT,562.0,2017.0,,,,,,,,,
8,,,INFO,NAICS 325 - Chemicals,30.0,462337.695,UT,325.0,2017.0,,,,,,,,,
9,,,INFO,NAICS 334 - Computers/Electronics Products,18.0,282825.932066,UT,334.0,2017.0,,,,,,,,,
10,,,INFO,NAICS 339 - Miscellaneous Manufacturing,8.0,6619.8930185,UT,339.0,2017.0,,,,,,,,,
11,,,INFO,NAICS 4247 - Petroleum Bulk Terminals,20.0,10418.874,UT,4247.0,2017.0,,,,,,,,,
12,,,INFO,NAICS 999 - Other,16.0,84761.67280055537,UT,999.0,2017.0,,,,,,,,,
13,,,INFO,NAICS 324 - Petroleum,41.0,793038.5571903669,UT,324.0,2017.0,,,,,,,,,
14,,,INFO,NAICS 336 - Transportation Equipment,15.0,239837.23000616065,UT,336.0,2017.0,,,,,,,,,
15,,,INFO,NAICS 322 - Paper,2.0,187.30000004239685,UT,322.0,2017.0,,,,,,,,,
16,,,INFO,NAICS 333 - Machinery,7.0,141.642,UT,333.0,2017.0,,,,,,,,,
17,,,INFO,NAICS 321 - Wood Products,3.0,5.372000000000001,UT,321.0,2017.0,,,,,,,,,
18,,,INFO,NAICS 332 - Fabricated Metals,15.0,45712.9325,UT,332.0,2017.0,,,,,,,,,
19,,,INFO,NAICS 2121 - Coal Mining,2.0,0.2028,UT,2121.0,2017.0,,,,,,,,,
0,,,INFO,NAICS 326 - Plastics and Rubber,7.0,46053.0,VT,326.0,2017.0,,,,,,,,,
1,,,INFO,NAICS 336 - Transportation Equipment,8.0,68995.78,VT,336.0,2017.0,,,,,,,,,
2,,,INFO,NAICS 335 - Electrical Equipment,9.0,132.41248000000002,VT,335.0,2017.0,,,,,,,,,
3,,,INFO,NAICS 324 - Petroleum,3.0,11.6,VT,324.0,2017.0,,,,,,,,,
4,,,INFO,NAICS 337 - Furniture,1.0,9.965,VT,337.0,2017.0,,,,,,,,,
5,,,INFO,NAICS 339 - Miscellaneous Manufacturing,1.0,0.0,VT,339.0,2017.0,,,,,,,,,
6,,,INFO,NAICS 334 - Computers/Electronics Products,11.0,168156.975,VT,334.0,2017.0,,,,,,,,,
7,,,INFO,NAICS 999 - Other,2.0,32441.52,VT,999.0,2017.0,,,,,,,,,
8,,,INFO,NAICS 333 - Machinery,7.0,375.0,VT,333.0,2017.0,,,,,,,,,
9,,,INFO,NAICS 562 - Hazardous Waste,3.0,1.0,VT,562.0,2017.0,,,,,,,,,
10,,,INFO,NAICS 311 - Food,10.0,140549.71,VT,311.0,2017.0,,,,,,,,,
11,,,INFO,NAICS 325 - Chemicals,6.0,838.0,VT,325.0,2017.0,,,,,,,,,
12,,,INFO,NAICS 322 - Paper,6.0,9021.34115,VT,322.0,2017.0,,,,,,,,,
0,,,INFO,NAICS 336 - Transportation Equipment,23.0,528998.51085,VA,336.0,2017.0,,,,,,,,,
1,,,INFO,NAICS 335 - Electrical Equipment,7.0,17107.363,VA,335.0,2017.0,,,,,,,,,
2,,,INFO,NAICS 314 - Textile Product,3.0,335.4,VA,314.0,2017.0,,,,,,,,,
3,,,INFO,NAICS 321 - Wood Products,18.0,231358.2244815483,VA,321.0,2017.0,,,,,,,,,
4,,,INFO,NAICS 324 - Petroleum,6.0,21389.823036,VA,324.0,2017.0,,,,,,,,,
5,,,INFO,NAICS 325 - Chemicals,92.0,3635612.009020077,VA,325.0,2017.0,,,,,,,,,
6,,,INFO,NAICS 334 - Computers/Electronics Products,15.0,50024.8316,VA,334.0,2017.0,,,,,,,,,
7,,,INFO,NAICS 4246 - Chemical Wholesalers,23.0,2815.0,VA,4246.0,2017.0,,,,,,,,,
8,,,INFO,NAICS 4247 - Petroleum Bulk Terminals,20.0,48775.76,VA,4247.0,2017.0,,,,,,,,,
9,,,INFO,NAICS 3122 - Tobacco,5.0,496737.2,VA,3122.0,2017.0,,,,,,,,,
10,,,INFO,NAICS 331 - Primary Metals,24.0,2711789.128258839,VA,331.0,2017.0,,,,,,,,,
11,,,INFO,NAICS 339 - Miscellaneous Manufacturing,7.0,8324.46,VA,339.0,2017.0,,,,,,,,,
12,,,INFO,NAICS 333 - Machinery,11.0,27401.6151,VA,333.0,2017.0,,,,,,,,,
13,,,INFO,NAICS 332 - Fabricated Metals,32.0,1735654.8290000001,VA,332.0,2017.0,,,,,,,,,
14,,,INFO,NAICS 311 - Food,16.0,2358476.61,VA,311.0,2017.0,,,,,,,,,
15,,,INFO,NAICS 323 - Printing,10.0,93531.0964,VA,323.0,2017.0,,,,,,,,,
16,,,INFO,NAICS 337 - Furniture,8.0,340599.1023,VA,337.0,2017.0,,,,,,,,,
17,,,INFO,NAICS 313 - Textiles,7.0,5764.1082,VA,313.0,2017.0,,,,,,,,,
18,,,INFO,NAICS 3121 - Beverages,3.0,64145.6,VA,3121.0,2017.0,,,,,,,,,
19,,,INFO,NAICS 2211 - Electric Utilities,21.0,3259161.2411217634,VA,2211.0,2017.0,,,,,,,,,
20,,,INFO,NAICS 326 - Plastics and Rubber,29.0,1719503.765,VA,326.0,2017.0,,,,,,,,,
21,,,INFO,NAICS 322 - Paper,25.0,7014669.523349473,VA,322.0,2017.0,,,,,,,,,
22,,,INFO,NAICS 327 - Nonmetallic Mineral Product,23.0,968774.1617539336,VA,327.0,2017.0,,,,,,,,,
23,,,INFO,NAICS 999 - Other,41.0,10278441.812626516,VA,999.0,2017.0,,,,,,,,,
24,,,INFO,NAICS 562 - Hazardous Waste,8.0,87.60168,VA,562.0,2017.0,,,,,,,,,
0,,,INFO,NAICS 2211 - Electric Utilities,15.0,142293.4800114109,WA,2211.0,2017.0,,,,,,,,,
1,,,INFO,NAICS 324 - Petroleum,49.0,858400.0860354119,WA,324.0,2017.0,,,,,,,,,
2,,,INFO,NAICS 336 - Transportation Equipment,34.0,570647.2629608001,WA,336.0,2017.0,,,,,,,,,
3,,,INFO,NAICS 339 - Miscellaneous Manufacturing,6.0,0.0,WA,339.0,2017.0,,,,,,,,,
4,,,INFO,NAICS 999 - Other,21.0,6393113.161,WA,999.0,2017.0,,,,,,,,,
5,,,INFO,NAICS 335 - Electrical Equipment,6.0,59525.2149,WA,335.0,2017.0,,,,,,,,,
6,,,INFO,NAICS 2122 - Metal Mining,9.0,11497804.625,WA,2122.0,2017.0,,,,,,,,,
7,,,INFO,NAICS 562 - Hazardous Waste,33.0,520526.177339662,WA,562.0,2017.0,,,,,,,,,
8,,,INFO,NAICS 334 - Computers/Electronics Products,12.0,101873.08050560001,WA,334.0,2017.0,,,,,,,,,
9,,,INFO,NAICS 337 - Furniture,4.0,2255.0,WA,337.0,2017.0,,,,,,,,,
10,,,INFO,NAICS 4246 - Chemical Wholesalers,10.0,999.0,WA,4246.0,2017.0,,,,,,,,,
11,,,INFO,NAICS 321 - Wood Products,21.0,118607.8621501512,WA,321.0,2017.0,,,,,,,,,
12,,,INFO,NAICS 326 - Plastics and Rubber,14.0,336087.921142,WA,326.0,2017.0,,,,,,,,,
13,,,INFO,NAICS 327 - Nonmetallic Mineral Product,13.0,39368.076775400004,WA,327.0,2017.0,,,,,,,,,
14,,,INFO,NAICS 331 - Primary Metals,32.0,1435588.610201896,WA,331.0,2017.0,,,,,,,,,
15,,,INFO,NAICS 332 - Fabricated Metals,21.0,505349.694655,WA,332.0,2017.0,,,,,,,,,
16,,,INFO,NAICS 4247 - Petroleum Bulk Terminals,19.0,23853.11,WA,4247.0,2017.0,,,,,,,,,
17,,,INFO,NAICS 313 - Textiles,1.0,250.0,WA,313.0,2017.0,,,,,,,,,
18,,,INFO,NAICS 333 - Machinery,9.0,41727.289,WA,333.0,2017.0,,,,,,,,,
19,,,INFO,NAICS 322 - Paper,28.0,6337994.375027127,WA,322.0,2017.0,,,,,,,,,
20,,,INFO,NAICS 311 - Food,12.0,1216736.0,WA,311.0,2017.0,,,,,,,,,
21,,,INFO,NAICS 325 - Chemicals,36.0,2130490.556,WA,325.0,2017.0,,,,,,,,,
0,,,INFO,NAICS 311 - Food,5.0,500.0,WV,311.0,2017.0,,,,,,,,,
1,,,INFO,NAICS 323 - Printing,5.0,142487.9,WV,323.0,2017.0,,,,,,,,,
2,,,INFO,NAICS 324 - Petroleum,36.0,756697.2281,WV,324.0,2017.0,,,,,,,,,
3,,,INFO,NAICS 326 - Plastics and Rubber,11.0,273521.0,WV,326.0,2017.0,,,,,,,,,
4,,,INFO,NAICS 322 - Paper,3.0,1216.1,WV,322.0,2017.0,,,,,,,,,
5,,,INFO,NAICS 2121 - Coal Mining,14.0,785249.939,WV,2121.0,2017.0,,,,,,,,,
6,,,INFO,NAICS 336 - Transportation Equipment,11.0,14912.08,WV,336.0,2017.0,,,,,,,,,
7,,,INFO,NAICS 4246 - Chemical Wholesalers,9.0,3057.0,WV,4246.0,2017.0,,,,,,,,,
8,,,INFO,NAICS 999 - Other,20.0,1087432.48,WV,999.0,2017.0,,,,,,,,,
9,,,INFO,NAICS 334 - Computers/Electronics Products,1.0,0.049,WV,334.0,2017.0,,,,,,,,,
10,,,INFO,NAICS 339 - Miscellaneous Manufacturing,3.0,36.59,WV,339.0,2017.0,,,,,,,,,
11,,,INFO,NAICS 321 - Wood Products,12.0,25553.065025900545,WV,321.0,2017.0,,,,,,,,,
12,,,INFO,NAICS 325 - Chemicals,99.0,2640615.461165643,WV,325.0,2017.0,,,,,,,,,
13,,,INFO,NAICS 331 - Primary Metals,29.0,1859808.3175416675,WV,331.0,2017.0,,,,,,,,,
14,,,INFO,NAICS 333 - Machinery,6.0,7.893,WV,333.0,2017.0,,,,,,,,,
15,,,INFO,NAICS 2211 - Electric Utilities,26.0,21282581.077057283,WV,2211.0,2017.0,,,,,,,,,
16,,,INFO,NAICS 337 - Furniture,6.0,98815.1,WV,337.0,2017.0,,,,,,,,,
17,,,INFO,NAICS 562 - Hazardous Waste,4.0,6.0,WV,562.0,2017.0,,,,,,,,,
18,,,INFO,NAICS 327 - Nonmetallic Mineral Product,15.0,811104.3390365,WV,327.0,2017.0,,,,,,,,,
19,,,INFO,NAICS 332 - Fabricated Metals,22.0,461590.617,WV,332.0,2017.0,,,,,,,,,
20,,,INFO,NAICS 4247 - Petroleum Bulk Terminals,16.0,6608.143,WV,4247.0,2017.0,,,,,,,,,
21,,,INFO,NAICS 3122 - Tobacco,1.0,2750.0,WV,3122.0,2017.0,,,,,,,,,
22,,,INFO,NAICS 335 - Electrical Equipment,2.0,2707.678,WV,335.0,2017.0,,,,,,,,,
0,,,INFO,NAICS 311 - Food,17.0,6137549.1741,WI,311.0,2017.0,,,,,,,,,
1,,,INFO,NAICS 327 - Nonmetallic Mineral Product,23.0,516541.0794,WI,327.0,2017.0,,,,,,,,,
2,,,INFO,NAICS 333 - Machinery,29.0,198569.04190210003,WI,333.0,2017.0,,,,,,,,,
3,,,INFO,NAICS 331 - Primary Metals,42.0,6419528.706427221,WI,331.0,2017.0,,,,,,,,,
4,,,INFO,NAICS 324 - Petroleum,21.0,158874.4715861,WI,324.0,2017.0,,,,,,,,,
5,,,INFO,NAICS 2211 - Electric Utilities,23.0,4775115.286409514,WI,2211.0,2017.0,,,,,,,,,
6,,,INFO,NAICS 323 - Printing,12.0,392041.52,WI,323.0,2017.0,,,,,,,,,
7,,,INFO,NAICS 334 - Computers/Electronics Products,21.0,114057.37010019999,WI,334.0,2017.0,,,,,,,,,
8,,,INFO,NAICS 325 - Chemicals,107.0,2822296.29952,WI,325.0,2017.0,,,,,,,,,
9,,,INFO,NAICS 321 - Wood Products,21.0,282899.64040005056,WI,321.0,2017.0,,,,,,,,,
10,,,INFO,NAICS 322 - Paper,46.0,6429929.24935002,WI,322.0,2017.0,,,,,,,,,
11,,,INFO,NAICS 335 - Electrical Equipment,18.0,90586.8222,WI,335.0,2017.0,,,,,,,,,
12,,,INFO,NAICS 4246 - Chemical Wholesalers,29.0,7934.446,WI,4246.0,2017.0,,,,,,,,,
13,,,INFO,NAICS 337 - Furniture,12.0,86988.22,WI,337.0,2017.0,,,,,,,,,
14,,,INFO,NAICS 332 - Fabricated Metals,44.0,3503078.755006,WI,332.0,2017.0,,,,,,,,,
15,,,INFO,NAICS 316 - Leather,5.0,56503.2,WI,316.0,2017.0,,,,,,,,,
16,,,INFO,NAICS 3121 - Beverages,1.0,0.0,WI,3121.0,2017.0,,,,,,,,,
17,,,INFO,NAICS 336 - Transportation Equipment,32.0,542219.5853472,WI,336.0,2017.0,,,,,,,,,
18,,,INFO,NAICS 326 - Plastics and Rubber,36.0,580801.8759,WI,326.0,2017.0,,,,,,,,,
19,,,INFO,NAICS 313 - Textiles,3.0,7393.0,WI,313.0,2017.0,,,,,,,,,
20,,,INFO,NAICS 999 - Other,24.0,158524.06,WI,999.0,2017.0,,,,,,,,,
21,,,INFO,NAICS 4247 - Petroleum Bulk Terminals,16.0,11226.394171799999,WI,4247.0,2017.0,,,,,,,,,
22,,,INFO,NAICS 562 - Hazardous Waste,28.0,21222.92207966036,WI,562.0,2017.0,,,,,,,,,
23,,,INFO,NAICS 339 - Miscellaneous Manufacturing,8.0,18896.5705,WI,339.0,2017.0,,,,,,,,,
0,,,INFO,NAICS 326 - Plastics and Rubber,4.0,7660.91,WY,326.0,2017.0,,,,,,,,,
1,,,INFO,NAICS 339 - Miscellaneous Manufacturing,9.0,19850.4,WY,339.0,2017.0,,,,,,,,,
2,,,INFO,NAICS 335 - Electrical Equipment,2.0,3610.6,WY,335.0,2017.0,,,,,,,,,
3,,,INFO,NAICS 311 - Food,1.0,117319.0,WY,311.0,2017.0,,,,,,,,,
4,,,INFO,NAICS 331 - Primary Metals,4.0,1019.0,WY,331.0,2017.0,,,,,,,,,
5,,,INFO,NAICS 332 - Fabricated Metals,5.0,285668.09,WY,332.0,2017.0,,,,,,,,,
6,,,INFO,NAICS 2211 - Electric Utilities,33.0,11001956.908087134,WY,2211.0,2017.0,,,,,,,,,
7,,,INFO,NAICS 999 - Other,8.0,23702.83,WY,999.0,2017.0,,,,,,,,,
8,,,INFO,NAICS 324 - Petroleum,36.0,476122.92480592325,WY,324.0,2017.0,,,,,,,,,
9,,,INFO,NAICS 327 - Nonmetallic Mineral Product,5.0,1188.2060001166885,WY,327.0,2017.0,,,,,,,,,
10,,,INFO,NAICS 4246 - Chemical Wholesalers,6.0,618.7,WY,4246.0,2017.0,,,,,,,,,
11,,,INFO,NAICS 325 - Chemicals,22.0,8272139.580074,WY,325.0,2017.0,,,,,,,,,
12,,,INFO,NAICS 4247 - Petroleum Bulk Terminals,13.0,126.48899999999999,WY,4247.0,2017.0,,,,,,,,,
13,,,INFO,NAICS 2121 - Coal Mining,2.0,9.767000000000001,WY,2121.0,2017.0,,,,,,,,,
14,,,INFO,NAICS 333 - Machinery,1.0,10.0,WY,333.0,2017.0,,,,,,,,,
0,,,,,,,,,,INFO,2090729.44685,21423437.74232168,2415313.1208590637,19332708.295471683,13765096.92,5537.395,WY,2018.0
1,,,,,,,,,,INFO,2371856.16,20211003.4471311,2172028.4759671767,17839142.969131097,12283339.9,8668.364,WY,2017.0
2,,,,,,,,,,INFO,1836317.2274,18586204.964590516,2105387.250142721,16749881.297190515,11279316.5,6287.139,WY,2016.0
3,,,,,,,,,,INFO,2571913.455,20966293.086081706,1986663.8389690525,18394379.631081704,12778657.9,15336.63,WY,2015.0
4,,,,,,,,,,INFO,2213039.463617,18238594.4460576,2037964.2827278685,16025554.188257597,10434385.3,12160.45,WY,2014.0
5,,,,,,,,,,INFO,2045944.9887,20105470.299844004,2189810.8985113357,18059525.311144,12651897.5,15065.132527000002,WY,2013.0
6,,,,,,,,,,INFO,1926013.9118,17158105.476081736,2391482.906279121,15232091.564281732,9953255.8,15149.2067759,WY,2012.0
7,,,,,,,,,,INFO,1346634.88915,19128084.57776272,2750836.619569951,17781449.68861271,12243471.7,16706.1000021,WY,2011.0
8,,,,,,,,,,INFO,1403273.160194,22355308.314189106,2055535.601642163,20952035.153995108,16665737.1,13788.0000016,WY,2010.0
9,,,,,,,,,,INFO,1441824.7762,25145483.143290933,2162076.750938414,23703658.36709094,19566109.44,9759.001518000001,WY,2009.0
10,,,,,,,,,,INFO,1409520.0102,20378550.311743326,2392879.1056664838,18969030.301543325,15453683.54,11501.0,WY,2008.0
11,,,,,,,,,,INFO,1158360.13,15609650.066681815,2283263.16267743,14451289.936681814,11085851.502630001,9853.130174,WY,2007.0
12,,,,,,,,,,INFO,994973.54,15283797.861659352,2444212.2253653165,14288824.321659353,10730249.75224,7856.1,WY,2006.0
13,,,,,,,,,,INFO,1070925.99,15621877.270806573,2124806.9174186243,14550951.280806573,11315479.07,9029.83,WY,2005.0
