,v_tri_state_industries.ST,v_tri_state_industries.YEAR,v_tri_state_industries.TRI_NAICS_CODE,v_tri_state_industries.NAICS_DESCRIPTION,v_tri_state_industries.NUMBER_OF_CHEMICALS,v_tri_state_industries.ON_OFF_SITE_DISP_OR_OTHER_REL,v_tri_state_industries.DATA_SET,Unnamed: 7
0,AL,2017,324,NAICS 324 - Petroleum,41,166205.82470078336,INFO,
1,AL,2017,325,NAICS 325 - Chemicals,132,7387335.086909941,INFO,
2,AL,2017,322,NAICS 322 - Paper,27,19301911.50116843,INFO,
3,AL,2017,332,NAICS 332 - Fabricated Metals,35,1172274.0368984,INFO,
4,AL,2017,321,NAICS 321 - Wood Products,19,481414.05625789973,INFO,
5,AL,2017,2211,NAICS 2211 - Electric Utilities,20,9050848.700008761,INFO,
6,AL,2017,333,NAICS 333 - Machinery,16,21100.9,INFO,
7,AL,2017,313,NAICS 313 - Textiles,3,37960.0,INFO,
8,AL,2017,339,NAICS 339 - Miscellaneous Manufacturing,18,139126.6450212,INFO,
9,AL,2017,4246,NAICS 4246 - Chemical Wholesalers,15,5650.0,INFO,
10,AL,2017,331,NAICS 331 - Primary Metals,53,20200917.75713542,INFO,
11,AL,2017,327,NAICS 327 - Nonmetallic Mineral Product,23,1098474.140259939,INFO,
12,AL,2017,562,NAICS 562 - Hazardous Waste,42,12788501.6042,INFO,
13,AL,2017,2121,NAICS 2121 - Coal Mining,3,152826.12,INFO,
14,AL,2017,326,NAICS 326 - Plastics and Rubber,23,1222402.5403,INFO,
15,AL,2017,4247,NAICS 4247 - Petroleum Bulk Terminals,17,31544.972303,INFO,
16,AL,2017,335,NAICS 335 - Electrical Equipment,9,44090.66,INFO,
17,AL,2017,314,NAICS 314 - Textile Product,2,0.0,INFO,
18,AL,2017,311,NAICS 311 - Food,13,6075657.726,INFO,
19,AL,2017,999,NAICS 999 - Other,26,544877.642705145,INFO,
20,AL,2017,336,NAICS 336 - Transportation Equipment,40,1109441.173204,INFO,
21,AL,2017,337,NAICS 337 - Furniture,12,593376.9378,INFO,
22,AL,2017,334,NAICS 334 - Computers/Electronics Products,5,29870.9325,INFO,
0,AK,2017,2122,NAICS 2122 - Metal Mining,32,1173367276.6250012,INFO,
1,AK,2017,311,NAICS 311 - Food,3,0.0,INFO,
2,AK,2017,336,NAICS 336 - Transportation Equipment,1,0.1141,INFO,
3,AK,2017,2211,NAICS 2211 - Electric Utilities,13,330351.374,INFO,
4,AK,2017,4247,NAICS 4247 - Petroleum Bulk Terminals,12,3534.3474950000004,INFO,
5,AK,2017,2121,NAICS 2121 - Coal Mining,4,103673.55,INFO,
6,AK,2017,4246,NAICS 4246 - Chemical Wholesalers,7,690.0,INFO,
7,AK,2017,999,NAICS 999 - Other,13,517992.5243428866,INFO,
8,AK,2017,324,NAICS 324 - Petroleum,20,53303.55190006136,INFO,
9,AK,2017,325,NAICS 325 - Chemicals,1,10.0,INFO,
0,AZ,2017,324,NAICS 324 - Petroleum,15,2110.84505,INFO,
1,AZ,2017,326,NAICS 326 - Plastics and Rubber,8,251353.0,INFO,
2,AZ,2017,327,NAICS 327 - Nonmetallic Mineral Product,21,20622.861924941233,INFO,
3,AZ,2017,339,NAICS 339 - Miscellaneous Manufacturing,3,4976.714985399999,INFO,
4,AZ,2017,2211,NAICS 2211 - Electric Utilities,30,5787286.121058362,INFO,
5,AZ,2017,325,NAICS 325 - Chemicals,47,130556.2388,INFO,
6,AZ,2017,334,NAICS 334 - Computers/Electronics Products,26,345188.924,INFO,
7,AZ,2017,2122,NAICS 2122 - Metal Mining,34,62356296.039386325,INFO,
8,AZ,2017,337,NAICS 337 - Furniture,6,33560.8933,INFO,
9,AZ,2017,4246,NAICS 4246 - Chemical Wholesalers,13,2719.58,INFO,
10,AZ,2017,3121,NAICS 3121 - Beverages,1,1533.0,INFO,
11,AZ,2017,4247,NAICS 4247 - Petroleum Bulk Terminals,16,14990.134056,INFO,
12,AZ,2017,311,NAICS 311 - Food,6,140797.7,INFO,
13,AZ,2017,333,NAICS 333 - Machinery,14,2094.0860000000002,INFO,
14,AZ,2017,331,NAICS 331 - Primary Metals,26,31391458.33990456,INFO,
15,AZ,2017,332,NAICS 332 - Fabricated Metals,21,272857.66386,INFO,
16,AZ,2017,999,NAICS 999 - Other,15,94563.93400000001,INFO,
17,AZ,2017,321,NAICS 321 - Wood Products,1,0.0,INFO,
18,AZ,2017,322,NAICS 322 - Paper,7,29988.4,INFO,
19,AZ,2017,562,NAICS 562 - Hazardous Waste,14,1119.6938971,INFO,
20,AZ,2017,335,NAICS 335 - Electrical Equipment,6,1677.91,INFO,
21,AZ,2017,336,NAICS 336 - Transportation Equipment,14,27767.6143,INFO,
0,AR,2017,2211,NAICS 2211 - Electric Utilities,19,4723269.390021714,INFO,
1,AR,2017,311,NAICS 311 - Food,17,4717031.0012,INFO,
2,AR,2017,321,NAICS 321 - Wood Products,19,674132.0896184755,INFO,
3,AR,2017,324,NAICS 324 - Petroleum,36,492138.6211,INFO,
4,AR,2017,326,NAICS 326 - Plastics and Rubber,26,1992400.6184862999,INFO,
5,AR,2017,332,NAICS 332 - Fabricated Metals,36,998367.703559,INFO,
6,AR,2017,314,NAICS 314 - Textile Product,5,38613.29,INFO,
7,AR,2017,336,NAICS 336 - Transportation Equipment,21,490797.70399999997,INFO,
8,AR,2017,337,NAICS 337 - Furniture,6,17087.24,INFO,
9,AR,2017,335,NAICS 335 - Electrical Equipment,17,45337.8532799,INFO,
10,AR,2017,327,NAICS 327 - Nonmetallic Mineral Product,43,540568.110632074,INFO,
11,AR,2017,334,NAICS 334 - Computers/Electronics Products,6,1322.077758,INFO,
12,AR,2017,325,NAICS 325 - Chemicals,99,2952429.858550541,INFO,
13,AR,2017,4247,NAICS 4247 - Petroleum Bulk Terminals,12,22422.1456692,INFO,
14,AR,2017,562,NAICS 562 - Hazardous Waste,185,2394336.0500295125,INFO,
15,AR,2017,323,NAICS 323 - Printing,4,6090.7,INFO,
16,AR,2017,4246,NAICS 4246 - Chemical Wholesalers,3,512.9,INFO,
17,AR,2017,322,NAICS 322 - Paper,27,9648337.301771112,INFO,
18,AR,2017,333,NAICS 333 - Machinery,14,100500.9649,INFO,
19,AR,2017,999,NAICS 999 - Other,8,852776.18,INFO,
20,AR,2017,331,NAICS 331 - Primary Metals,32,2140030.6573651526,INFO,
0,CA,2017,334,NAICS 334 - Computers/Electronics Products,29,467097.46906940005,INFO,
1,CA,2017,323,NAICS 323 - Printing,3,30818.2,INFO,
2,CA,2017,4246,NAICS 4246 - Chemical Wholesalers,40,37331.352999999996,INFO,
3,CA,2017,3121,NAICS 3121 - Beverages,3,112759.3552,INFO,
4,CA,2017,332,NAICS 332 - Fabricated Metals,39,925468.5306634001,INFO,
5,CA,2017,336,NAICS 336 - Transportation Equipment,46,849723.8922596,INFO,
6,CA,2017,314,NAICS 314 - Textile Product,1,1.5543,INFO,
7,CA,2017,325,NAICS 325 - Chemicals,133,2410085.351000946,INFO,
8,CA,2017,324,NAICS 324 - Petroleum,61,7007174.94033942,INFO,
9,CA,2017,326,NAICS 326 - Plastics and Rubber,25,711406.5902600001,INFO,
10,CA,2017,999,NAICS 999 - Other,60,1719242.5295400003,INFO,
11,CA,2017,327,NAICS 327 - Nonmetallic Mineral Product,25,420226.21514859714,INFO,
12,CA,2017,313,NAICS 313 - Textiles,9,55174.98,INFO,
13,CA,2017,322,NAICS 322 - Paper,7,78574.43856255771,INFO,
14,CA,2017,2211,NAICS 2211 - Electric Utilities,6,35455.65,INFO,
15,CA,2017,311,NAICS 311 - Food,19,3440938.6939999997,INFO,
16,CA,2017,335,NAICS 335 - Electrical Equipment,13,197048.1996204,INFO,
17,CA,2017,562,NAICS 562 - Hazardous Waste,54,10154989.612370033,INFO,
18,CA,2017,4247,NAICS 4247 - Petroleum Bulk Terminals,45,61082.92151,INFO,
19,CA,2017,321,NAICS 321 - Wood Products,11,221340.94200826238,INFO,
20,CA,2017,337,NAICS 337 - Furniture,1,0.0,INFO,
21,CA,2017,331,NAICS 331 - Primary Metals,35,3526527.2301169396,INFO,
22,CA,2017,339,NAICS 339 - Miscellaneous Manufacturing,16,39779.18,INFO,
23,CA,2017,333,NAICS 333 - Machinery,16,21172.019,INFO,
24,CA,2017,2122,NAICS 2122 - Metal Mining,7,26517.8299,INFO,
0,CO,2017,327,NAICS 327 - Nonmetallic Mineral Product,26,632523.8523663403,INFO,
1,CO,2017,326,NAICS 326 - Plastics and Rubber,3,112225.14,INFO,
2,CO,2017,322,NAICS 322 - Paper,2,53638.3,INFO,
3,CO,2017,333,NAICS 333 - Machinery,13,35.034,INFO,
4,CO,2017,2211,NAICS 2211 - Electric Utilities,19,7846953.924725161,INFO,
5,CO,2017,339,NAICS 339 - Miscellaneous Manufacturing,5,78987.6,INFO,
6,CO,2017,999,NAICS 999 - Other,10,613371.2220000001,INFO,
7,CO,2017,331,NAICS 331 - Primary Metals,19,199083.7050410277,INFO,
8,CO,2017,332,NAICS 332 - Fabricated Metals,23,745060.95855,INFO,
9,CO,2017,4246,NAICS 4246 - Chemical Wholesalers,19,11994.5,INFO,
10,CO,2017,323,NAICS 323 - Printing,1,14720.0,INFO,
11,CO,2017,335,NAICS 335 - Electrical Equipment,1,0.0,INFO,
12,CO,2017,324,NAICS 324 - Petroleum,32,145927.07010044446,INFO,
13,CO,2017,2122,NAICS 2122 - Metal Mining,12,17716753.0,INFO,
14,CO,2017,321,NAICS 321 - Wood Products,5,2805.4,INFO,
15,CO,2017,325,NAICS 325 - Chemicals,47,233993.944968,INFO,
16,CO,2017,337,NAICS 337 - Furniture,6,96193.489,INFO,
17,CO,2017,334,NAICS 334 - Computers/Electronics Products,17,101771.0500311,INFO,
18,CO,2017,336,NAICS 336 - Transportation Equipment,10,5068.74,INFO,
19,CO,2017,4247,NAICS 4247 - Petroleum Bulk Terminals,15,18353.563000000002,INFO,
20,CO,2017,2121,NAICS 2121 - Coal Mining,9,1062107.7803,INFO,
21,CO,2017,311,NAICS 311 - Food,9,1245591.287,INFO,
22,CO,2017,3121,NAICS 3121 - Beverages,5,217326.0,INFO,
23,CO,2017,562,NAICS 562 - Hazardous Waste,24,973085.05,INFO,
0,CT,2017,333,NAICS 333 - Machinery,8,32958.276,INFO,
1,CT,2017,562,NAICS 562 - Hazardous Waste,9,166323.66,INFO,
2,CT,2017,325,NAICS 325 - Chemicals,56,267036.3647,INFO,
3,CT,2017,331,NAICS 331 - Primary Metals,21,167210.83671,INFO,
4,CT,2017,336,NAICS 336 - Transportation Equipment,18,181171.061718,INFO,
5,CT,2017,313,NAICS 313 - Textiles,6,72317.0,INFO,
6,CT,2017,321,NAICS 321 - Wood Products,2,469.46,INFO,
7,CT,2017,326,NAICS 326 - Plastics and Rubber,12,50218.77,INFO,
8,CT,2017,322,NAICS 322 - Paper,7,18054.3402,INFO,
9,CT,2017,323,NAICS 323 - Printing,3,630.21,INFO,
10,CT,2017,327,NAICS 327 - Nonmetallic Mineral Product,9,4367.27,INFO,
11,CT,2017,334,NAICS 334 - Computers/Electronics Products,7,18690.673232,INFO,
12,CT,2017,4247,NAICS 4247 - Petroleum Bulk Terminals,18,32683.82,INFO,
13,CT,2017,335,NAICS 335 - Electrical Equipment,20,179977.5508516,INFO,
14,CT,2017,311,NAICS 311 - Food,3,35370.5,INFO,
15,CT,2017,324,NAICS 324 - Petroleum,5,1.47,INFO,
16,CT,2017,339,NAICS 339 - Miscellaneous Manufacturing,9,45067.8,INFO,
17,CT,2017,337,NAICS 337 - Furniture,1,0.0,INFO,
18,CT,2017,4246,NAICS 4246 - Chemical Wholesalers,10,3015.03,INFO,
19,CT,2017,999,NAICS 999 - Other,4,1701.0529239999998,INFO,
20,CT,2017,2211,NAICS 2211 - Electric Utilities,8,50368.598001057544,INFO,
21,CT,2017,332,NAICS 332 - Fabricated Metals,25,607208.7411158001,INFO,
0,DE,2017,339,NAICS 339 - Miscellaneous Manufacturing,4,8308.3,INFO,
1,DE,2017,333,NAICS 333 - Machinery,5,15.0,INFO,
2,DE,2017,331,NAICS 331 - Primary Metals,4,1411.0,INFO,
3,DE,2017,325,NAICS 325 - Chemicals,34,205076.14413449596,INFO,
4,DE,2017,2122,NAICS 2122 - Metal Mining,3,10.7,INFO,
5,DE,2017,324,NAICS 324 - Petroleum,39,4079439.859502786,INFO,
6,DE,2017,332,NAICS 332 - Fabricated Metals,8,41810.35,INFO,
7,DE,2017,335,NAICS 335 - Electrical Equipment,3,2772.2,INFO,
8,DE,2017,313,NAICS 313 - Textiles,5,259947.092,INFO,
9,DE,2017,326,NAICS 326 - Plastics and Rubber,11,30654.759,INFO,
10,DE,2017,311,NAICS 311 - Food,9,375616.45,INFO,
11,DE,2017,2211,NAICS 2211 - Electric Utilities,10,29162.201011814715,INFO,
12,DE,2017,999,NAICS 999 - Other,6,3998.1,INFO,
13,DE,2017,4247,NAICS 4247 - Petroleum Bulk Terminals,2,0.0,INFO,
0,FL,2017,322,NAICS 322 - Paper,30,6934619.09564425,INFO,
1,FL,2017,339,NAICS 339 - Miscellaneous Manufacturing,13,285998.06328,INFO,
2,FL,2017,562,NAICS 562 - Hazardous Waste,16,108160.2518,INFO,
3,FL,2017,334,NAICS 334 - Computers/Electronics Products,11,16756.919830000003,INFO,
4,FL,2017,337,NAICS 337 - Furniture,2,58901.872,INFO,
5,FL,2017,3122,NAICS 3122 - Tobacco,1,5064.4,INFO,
6,FL,2017,323,NAICS 323 - Printing,2,12758.0,INFO,
7,FL,2017,333,NAICS 333 - Machinery,10,25925.82114,INFO,
8,FL,2017,336,NAICS 336 - Transportation Equipment,24,2093456.5484,INFO,
9,FL,2017,999,NAICS 999 - Other,25,759340.79125,INFO,
10,FL,2017,3121,NAICS 3121 - Beverages,3,71378.5,INFO,
11,FL,2017,313,NAICS 313 - Textiles,1,709.0,INFO,
12,FL,2017,311,NAICS 311 - Food,22,2041955.2429,INFO,
13,FL,2017,321,NAICS 321 - Wood Products,16,92899.974698128,INFO,
14,FL,2017,2211,NAICS 2211 - Electric Utilities,30,9514666.353476211,INFO,
15,FL,2017,327,NAICS 327 - Nonmetallic Mineral Product,19,102227.84798123455,INFO,
16,FL,2017,324,NAICS 324 - Petroleum,11,3646.3236854999996,INFO,
17,FL,2017,325,NAICS 325 - Chemicals,88,35239663.0023315,INFO,
18,FL,2017,331,NAICS 331 - Primary Metals,27,729382.3702226938,INFO,
19,FL,2017,4247,NAICS 4247 - Petroleum Bulk Terminals,25,86614.77,INFO,
20,FL,2017,335,NAICS 335 - Electrical Equipment,11,17711.51061,INFO,
21,FL,2017,4246,NAICS 4246 - Chemical Wholesalers,16,10849.0,INFO,
22,FL,2017,2122,NAICS 2122 - Metal Mining,6,429555.184,INFO,
23,FL,2017,326,NAICS 326 - Plastics and Rubber,13,463160.67,INFO,
24,FL,2017,332,NAICS 332 - Fabricated Metals,28,474793.757228,INFO,
0,GA,2017,335,NAICS 335 - Electrical Equipment,22,433909.549,INFO,
1,GA,2017,334,NAICS 334 - Computers/Electronics Products,4,188.88400000000001,INFO,
2,GA,2017,4247,NAICS 4247 - Petroleum Bulk Terminals,20,22108.9776678,INFO,
3,GA,2017,331,NAICS 331 - Primary Metals,32,1917945.6579968114,INFO,
4,GA,2017,327,NAICS 327 - Nonmetallic Mineral Product,21,6073787.129392,INFO,
5,GA,2017,315,NAICS 315 - Apparel,2,13632.4,INFO,
6,GA,2017,562,NAICS 562 - Hazardous Waste,4,2.0,INFO,
7,GA,2017,336,NAICS 336 - Transportation Equipment,45,1240141.3662,INFO,
8,GA,2017,999,NAICS 999 - Other,22,1809696.4148,INFO,
9,GA,2017,322,NAICS 322 - Paper,31,19517987.67369388,INFO,
10,GA,2017,323,NAICS 323 - Printing,1,28148.0,INFO,
11,GA,2017,313,NAICS 313 - Textiles,11,1214322.422,INFO,
12,GA,2017,3121,NAICS 3121 - Beverages,3,32147.4,INFO,
13,GA,2017,326,NAICS 326 - Plastics and Rubber,25,944616.5488870001,INFO,
14,GA,2017,324,NAICS 324 - Petroleum,18,14897.719347,INFO,
15,GA,2017,4246,NAICS 4246 - Chemical Wholesalers,34,34419.38,INFO,
16,GA,2017,332,NAICS 332 - Fabricated Metals,33,595490.9168,INFO,
17,GA,2017,337,NAICS 337 - Furniture,11,80922.61,INFO,
18,GA,2017,314,NAICS 314 - Textile Product,16,115657.8010484,INFO,
19,GA,2017,3122,NAICS 3122 - Tobacco,1,3606.0,INFO,
20,GA,2017,321,NAICS 321 - Wood Products,24,503520.9420718133,INFO,
21,GA,2017,339,NAICS 339 - Miscellaneous Manufacturing,19,369653.11,INFO,
22,GA,2017,325,NAICS 325 - Chemicals,162,6563952.327561662,INFO,
23,GA,2017,333,NAICS 333 - Machinery,17,61405.1199173,INFO,
24,GA,2017,311,NAICS 311 - Food,20,3812446.1600051043,INFO,
25,GA,2017,2211,NAICS 2211 - Electric Utilities,26,3822845.700007224,INFO,
0,HI,2017,311,NAICS 311 - Food,1,5.0,INFO,
1,HI,2017,332,NAICS 332 - Fabricated Metals,5,44301.06,INFO,
2,HI,2017,999,NAICS 999 - Other,10,855266.5,INFO,
3,HI,2017,4247,NAICS 4247 - Petroleum Bulk Terminals,19,10117.0141,INFO,
4,HI,2017,2211,NAICS 2211 - Electric Utilities,21,1527088.0520061532,INFO,
5,HI,2017,324,NAICS 324 - Petroleum,22,625236.8173397528,INFO,
0,ID,2017,334,NAICS 334 - Computers/Electronics Products,12,49971.58,INFO,
1,ID,2017,336,NAICS 336 - Transportation Equipment,4,28.76,INFO,
2,ID,2017,321,NAICS 321 - Wood Products,10,179048.07000094175,INFO,
3,ID,2017,562,NAICS 562 - Hazardous Waste,41,3870612.3,INFO,
4,ID,2017,324,NAICS 324 - Petroleum,4,178.92273,INFO,
5,ID,2017,335,NAICS 335 - Electrical Equipment,1,6.74,INFO,
6,ID,2017,327,NAICS 327 - Nonmetallic Mineral Product,7,3595.0611489,INFO,
7,ID,2017,326,NAICS 326 - Plastics and Rubber,2,122973.7,INFO,
8,ID,2017,314,NAICS 314 - Textile Product,1,0.08182,INFO,
9,ID,2017,311,NAICS 311 - Food,20,8627307.026000047,INFO,
10,ID,2017,331,NAICS 331 - Primary Metals,6,337542.23004132725,INFO,
11,ID,2017,337,NAICS 337 - Furniture,1,37876.0,INFO,
12,ID,2017,2122,NAICS 2122 - Metal Mining,11,10045855.923303,INFO,
13,ID,2017,322,NAICS 322 - Paper,20,981653.4000313131,INFO,
14,ID,2017,325,NAICS 325 - Chemicals,39,10334709.6771,INFO,
15,ID,2017,999,NAICS 999 - Other,16,1345315.8582,INFO,
16,ID,2017,332,NAICS 332 - Fabricated Metals,20,495905.184,INFO,
17,ID,2017,4247,NAICS 4247 - Petroleum Bulk Terminals,7,2818.0,INFO,
0,IL,2017,335,NAICS 335 - Electrical Equipment,23,168208.0038,INFO,
1,IL,2017,3122,NAICS 3122 - Tobacco,1,24693.6,INFO,
2,IL,2017,2121,NAICS 2121 - Coal Mining,6,559754.762,INFO,
3,IL,2017,326,NAICS 326 - Plastics and Rubber,32,3796152.3469666,INFO,
4,IL,2017,339,NAICS 339 - Miscellaneous Manufacturing,17,23301.51,INFO,
5,IL,2017,4246,NAICS 4246 - Chemical Wholesalers,43,67372.23,INFO,
6,IL,2017,327,NAICS 327 - Nonmetallic Mineral Product,36,457767.41204093443,INFO,
7,IL,2017,322,NAICS 322 - Paper,12,501376.833,INFO,
8,IL,2017,311,NAICS 311 - Food,39,13662331.456537679,INFO,
9,IL,2017,333,NAICS 333 - Machinery,24,228131.9387,INFO,
10,IL,2017,332,NAICS 332 - Fabricated Metals,56,4264224.4538360005,INFO,
11,IL,2017,334,NAICS 334 - Computers/Electronics Products,13,106177.6236411,INFO,
12,IL,2017,2122,NAICS 2122 - Metal Mining,5,51791.11,INFO,
13,IL,2017,323,NAICS 323 - Printing,7,691151.5279999999,INFO,
14,IL,2017,324,NAICS 324 - Petroleum,60,4284829.84314242,INFO,
15,IL,2017,331,NAICS 331 - Primary Metals,44,19328992.785008967,INFO,
16,IL,2017,325,NAICS 325 - Chemicals,174,8372129.4441410005,INFO,
17,IL,2017,313,NAICS 313 - Textiles,2,10010.0,INFO,
18,IL,2017,316,NAICS 316 - Leather,2,10.0,INFO,
19,IL,2017,336,NAICS 336 - Transportation Equipment,44,1140359.7124,INFO,
20,IL,2017,562,NAICS 562 - Hazardous Waste,98,24398609.441554543,INFO,
21,IL,2017,999,NAICS 999 - Other,8,19186.98502,INFO,
22,IL,2017,321,NAICS 321 - Wood Products,8,34907.6,INFO,
23,IL,2017,3121,NAICS 3121 - Beverages,7,5195.0,INFO,
24,IL,2017,2211,NAICS 2211 - Electric Utilities,30,29397373.980048846,INFO,
25,IL,2017,4247,NAICS 4247 - Petroleum Bulk Terminals,20,36922.125926,INFO,
26,IL,2017,337,NAICS 337 - Furniture,1,74230.0,INFO,
0,IN,2017,326,NAICS 326 - Plastics and Rubber,43,5879850.5622,INFO,
1,IN,2017,999,NAICS 999 - Other,23,1619226.8204299998,INFO,
2,IN,2017,321,NAICS 321 - Wood Products,13,31280.482999999997,INFO,
3,IN,2017,562,NAICS 562 - Hazardous Waste,69,7696736.13,INFO,
4,IN,2017,332,NAICS 332 - Fabricated Metals,44,1880502.39519,INFO,
5,IN,2017,323,NAICS 323 - Printing,11,401866.23,INFO,
6,IN,2017,2122,NAICS 2122 - Metal Mining,1,0.0,INFO,
7,IN,2017,331,NAICS 331 - Primary Metals,80,70123205.85150728,INFO,
8,IN,2017,325,NAICS 325 - Chemicals,121,11955843.437191252,INFO,
9,IN,2017,311,NAICS 311 - Food,29,3587495.8640005244,INFO,
10,IN,2017,4247,NAICS 4247 - Petroleum Bulk Terminals,18,34455.16,INFO,
11,IN,2017,335,NAICS 335 - Electrical Equipment,17,117015.46705769999,INFO,
12,IN,2017,334,NAICS 334 - Computers/Electronics Products,4,3244.2208,INFO,
13,IN,2017,4246,NAICS 4246 - Chemical Wholesalers,33,29392.752,INFO,
14,IN,2017,339,NAICS 339 - Miscellaneous Manufacturing,25,172321.50160999998,INFO,
15,IN,2017,333,NAICS 333 - Machinery,22,109443.82426,INFO,
16,IN,2017,2121,NAICS 2121 - Coal Mining,6,100286.0,INFO,
17,IN,2017,2211,NAICS 2211 - Electric Utilities,27,18650044.56685331,INFO,
18,IN,2017,337,NAICS 337 - Furniture,18,984089.8638203001,INFO,
19,IN,2017,322,NAICS 322 - Paper,14,69207.04685,INFO,
20,IN,2017,3121,NAICS 3121 - Beverages,1,0.0,INFO,
21,IN,2017,324,NAICS 324 - Petroleum,50,1819001.405761816,INFO,
22,IN,2017,327,NAICS 327 - Nonmetallic Mineral Product,84,1266245.8928200535,INFO,
23,IN,2017,336,NAICS 336 - Transportation Equipment,52,3369576.8063892,INFO,
0,IA,2017,311,NAICS 311 - Food,45,11895812.82428185,INFO,
1,IA,2017,3121,NAICS 3121 - Beverages,2,510.0,INFO,
2,IA,2017,325,NAICS 325 - Chemicals,113,7201940.791105464,INFO,
3,IA,2017,327,NAICS 327 - Nonmetallic Mineral Product,19,443996.360811,INFO,
4,IA,2017,4247,NAICS 4247 - Petroleum Bulk Terminals,13,15966.0,INFO,
5,IA,2017,334,NAICS 334 - Computers/Electronics Products,3,304.1248,INFO,
6,IA,2017,562,NAICS 562 - Hazardous Waste,6,10.0,INFO,
7,IA,2017,331,NAICS 331 - Primary Metals,37,7391467.010445391,INFO,
8,IA,2017,999,NAICS 999 - Other,3,350221.39,INFO,
9,IA,2017,321,NAICS 321 - Wood Products,8,133320.63,INFO,
10,IA,2017,333,NAICS 333 - Machinery,33,431862.72868999996,INFO,
11,IA,2017,337,NAICS 337 - Furniture,9,162698.9,INFO,
12,IA,2017,4246,NAICS 4246 - Chemical Wholesalers,16,6980.584,INFO,
13,IA,2017,316,NAICS 316 - Leather,4,68590.8,INFO,
14,IA,2017,322,NAICS 322 - Paper,11,213185.19,INFO,
15,IA,2017,323,NAICS 323 - Printing,1,1.3,INFO,
16,IA,2017,2211,NAICS 2211 - Electric Utilities,27,5275672.541130041,INFO,
17,IA,2017,324,NAICS 324 - Petroleum,15,785.2508236000001,INFO,
18,IA,2017,326,NAICS 326 - Plastics and Rubber,22,701391.016099,INFO,
19,IA,2017,335,NAICS 335 - Electrical Equipment,14,74861.7176,INFO,
20,IA,2017,332,NAICS 332 - Fabricated Metals,28,544376.7804733,INFO,
21,IA,2017,336,NAICS 336 - Transportation Equipment,23,493873.8681,INFO,
22,IA,2017,339,NAICS 339 - Miscellaneous Manufacturing,12,16230.94,INFO,
0,KS,2017,325,NAICS 325 - Chemicals,97,5106594.060000285,INFO,
1,KS,2017,4247,NAICS 4247 - Petroleum Bulk Terminals,14,12853.6,INFO,
2,KS,2017,333,NAICS 333 - Machinery,19,14592.209340000001,INFO,
3,KS,2017,2211,NAICS 2211 - Electric Utilities,20,4826163.481678666,INFO,
4,KS,2017,4246,NAICS 4246 - Chemical Wholesalers,15,6470.2390000000005,INFO,
5,KS,2017,562,NAICS 562 - Hazardous Waste,30,268453.95383,INFO,
6,KS,2017,322,NAICS 322 - Paper,4,18901.296000000002,INFO,
7,KS,2017,324,NAICS 324 - Petroleum,58,1149630.1673152568,INFO,
8,KS,2017,999,NAICS 999 - Other,6,68152.3,INFO,
9,KS,2017,326,NAICS 326 - Plastics and Rubber,18,1105446.1562,INFO,
10,KS,2017,327,NAICS 327 - Nonmetallic Mineral Product,46,430139.514674,INFO,
11,KS,2017,339,NAICS 339 - Miscellaneous Manufacturing,5,1322.0,INFO,
12,KS,2017,311,NAICS 311 - Food,21,3475617.57,INFO,
13,KS,2017,335,NAICS 335 - Electrical Equipment,9,72793.26952,INFO,
14,KS,2017,336,NAICS 336 - Transportation Equipment,42,1681125.8908,INFO,
15,KS,2017,3121,NAICS 3121 - Beverages,12,50789.12,INFO,
16,KS,2017,321,NAICS 321 - Wood Products,2,0.0,INFO,
17,KS,2017,323,NAICS 323 - Printing,2,213.68,INFO,
18,KS,2017,331,NAICS 331 - Primary Metals,15,663940.8301067166,INFO,
19,KS,2017,332,NAICS 332 - Fabricated Metals,20,366379.43200000003,INFO,
20,KS,2017,337,NAICS 337 - Furniture,5,219424.1998,INFO,
21,KS,2017,334,NAICS 334 - Computers/Electronics Products,1,178.446094,INFO,
0,KY,2017,332,NAICS 332 - Fabricated Metals,33,1232067.4139,INFO,
1,KY,2017,325,NAICS 325 - Chemicals,151,7235272.842994446,INFO,
2,KY,2017,335,NAICS 335 - Electrical Equipment,22,85396.184654,INFO,
3,KY,2017,339,NAICS 339 - Miscellaneous Manufacturing,7,35360.65,INFO,
4,KY,2017,4247,NAICS 4247 - Petroleum Bulk Terminals,14,20706.29,INFO,
5,KY,2017,322,NAICS 322 - Paper,24,1927689.573003829,INFO,
6,KY,2017,2121,NAICS 2121 - Coal Mining,2,10252.62,INFO,
7,KY,2017,327,NAICS 327 - Nonmetallic Mineral Product,24,604922.5513238921,INFO,
8,KY,2017,331,NAICS 331 - Primary Metals,42,12235361.684034063,INFO,
9,KY,2017,324,NAICS 324 - Petroleum,34,651722.7,INFO,
10,KY,2017,4246,NAICS 4246 - Chemical Wholesalers,27,14054.75,INFO,
11,KY,2017,336,NAICS 336 - Transportation Equipment,48,1762381.8031759998,INFO,
12,KY,2017,321,NAICS 321 - Wood Products,8,7790.04,INFO,
13,KY,2017,311,NAICS 311 - Food,16,2776847.521,INFO,
14,KY,2017,323,NAICS 323 - Printing,8,580626.9057100001,INFO,
15,KY,2017,337,NAICS 337 - Furniture,7,92171.54,INFO,
16,KY,2017,562,NAICS 562 - Hazardous Waste,13,5885.0004,INFO,
17,KY,2017,3122,NAICS 3122 - Tobacco,1,15451.44,INFO,
18,KY,2017,326,NAICS 326 - Plastics and Rubber,30,1071509.66029,INFO,
19,KY,2017,999,NAICS 999 - Other,19,757263.882,INFO,
20,KY,2017,3121,NAICS 3121 - Beverages,2,5005.9,INFO,
21,KY,2017,2211,NAICS 2211 - Electric Utilities,25,19410051.530054636,INFO,
22,KY,2017,333,NAICS 333 - Machinery,18,57452.791,INFO,
23,KY,2017,334,NAICS 334 - Computers/Electronics Products,3,76.53578,INFO,
0,LA,2017,324,NAICS 324 - Petroleum,70,12908127.787935263,INFO,
1,LA,2017,332,NAICS 332 - Fabricated Metals,29,1009294.0862,INFO,
2,LA,2017,2211,NAICS 2211 - Electric Utilities,19,4125402.0039118524,INFO,
3,LA,2017,4247,NAICS 4247 - Petroleum Bulk Terminals,20,104821.96,INFO,
4,LA,2017,333,NAICS 333 - Machinery,12,91161.58071000001,INFO,
5,LA,2017,335,NAICS 335 - Electrical Equipment,2,349.3,INFO,
6,LA,2017,325,NAICS 325 - Chemicals,238,101633028.82928947,INFO,
7,LA,2017,999,NAICS 999 - Other,35,191499.542702,INFO,
8,LA,2017,321,NAICS 321 - Wood Products,19,657002.2370206111,INFO,
9,LA,2017,322,NAICS 322 - Paper,28,15911581.214852555,INFO,
10,LA,2017,326,NAICS 326 - Plastics and Rubber,4,123953.45,INFO,
11,LA,2017,339,NAICS 339 - Miscellaneous Manufacturing,1,1305.0,INFO,
12,LA,2017,311,NAICS 311 - Food,13,1661289.0159999998,INFO,
13,LA,2017,562,NAICS 562 - Hazardous Waste,26,5173413.052092592,INFO,
14,LA,2017,327,NAICS 327 - Nonmetallic Mineral Product,7,33750.943075999996,INFO,
15,LA,2017,336,NAICS 336 - Transportation Equipment,12,225680.003,INFO,
16,LA,2017,4246,NAICS 4246 - Chemical Wholesalers,33,146270.9951,INFO,
17,LA,2017,331,NAICS 331 - Primary Metals,19,4154123.52,INFO,
0,ME,2017,316,NAICS 316 - Leather,3,131511.0,INFO,
1,ME,2017,321,NAICS 321 - Wood Products,10,71757.83,INFO,
2,ME,2017,326,NAICS 326 - Plastics and Rubber,7,20762.86712,INFO,
3,ME,2017,333,NAICS 333 - Machinery,7,5250.24,INFO,
4,ME,2017,999,NAICS 999 - Other,2,1091.391,INFO,
5,ME,2017,325,NAICS 325 - Chemicals,10,7571.97,INFO,
6,ME,2017,323,NAICS 323 - Printing,3,21322.0,INFO,
7,ME,2017,331,NAICS 331 - Primary Metals,2,147.0,INFO,
8,ME,2017,335,NAICS 335 - Electrical Equipment,2,2370.9,INFO,
9,ME,2017,336,NAICS 336 - Transportation Equipment,12,103476.0184,INFO,
10,ME,2017,332,NAICS 332 - Fabricated Metals,13,45193.274000000005,INFO,
11,ME,2017,2211,NAICS 2211 - Electric Utilities,4,0.515,INFO,
12,ME,2017,327,NAICS 327 - Nonmetallic Mineral Product,8,5375.43000053458,INFO,
13,ME,2017,334,NAICS 334 - Computers/Electronics Products,7,45820.8,INFO,
14,ME,2017,4247,NAICS 4247 - Petroleum Bulk Terminals,14,13673.210275,INFO,
15,ME,2017,337,NAICS 337 - Furniture,1,17.48,INFO,
16,ME,2017,311,NAICS 311 - Food,10,2397157.3,INFO,
17,ME,2017,322,NAICS 322 - Paper,37,9062209.05179345,INFO,
18,ME,2017,324,NAICS 324 - Petroleum,3,5.4,INFO,
0,MD,2017,339,NAICS 339 - Miscellaneous Manufacturing,3,44311.0,INFO,
1,MD,2017,562,NAICS 562 - Hazardous Waste,4,0.0,INFO,
2,MD,2017,313,NAICS 313 - Textiles,1,14329.0,INFO,
3,MD,2017,326,NAICS 326 - Plastics and Rubber,11,228090.54100000003,INFO,
4,MD,2017,4247,NAICS 4247 - Petroleum Bulk Terminals,12,3124.0,INFO,
5,MD,2017,321,NAICS 321 - Wood Products,3,55825.05,INFO,
6,MD,2017,331,NAICS 331 - Primary Metals,5,81289.0,INFO,
7,MD,2017,2211,NAICS 2211 - Electric Utilities,21,1151280.0800114383,INFO,
8,MD,2017,325,NAICS 325 - Chemicals,44,875353.0788,INFO,
9,MD,2017,4246,NAICS 4246 - Chemical Wholesalers,6,2003.0,INFO,
10,MD,2017,2122,NAICS 2122 - Metal Mining,6,325628.5370348,INFO,
11,MD,2017,336,NAICS 336 - Transportation Equipment,7,1477.345,INFO,
12,MD,2017,335,NAICS 335 - Electrical Equipment,2,250.4,INFO,
13,MD,2017,311,NAICS 311 - Food,14,630244.22,INFO,
14,MD,2017,322,NAICS 322 - Paper,25,1468260.2000020274,INFO,
15,MD,2017,324,NAICS 324 - Petroleum,8,38.984698,INFO,
16,MD,2017,327,NAICS 327 - Nonmetallic Mineral Product,18,147350.07476548708,INFO,
17,MD,2017,999,NAICS 999 - Other,23,263684.1010183348,INFO,
18,MD,2017,333,NAICS 333 - Machinery,5,3.5,INFO,
19,MD,2017,2121,NAICS 2121 - Coal Mining,4,43617.231,INFO,
20,MD,2017,332,NAICS 332 - Fabricated Metals,17,122493.36300000001,INFO,
21,MD,2017,334,NAICS 334 - Computers/Electronics Products,1,1938.93,INFO,
22,MD,2017,316,NAICS 316 - Leather,1,10.0,INFO,
0,MA,2017,332,NAICS 332 - Fabricated Metals,29,797951.3311,INFO,
1,MA,2017,2211,NAICS 2211 - Electric Utilities,14,127755.39899229835,INFO,
2,MA,2017,311,NAICS 311 - Food,5,110447.662001,INFO,
3,MA,2017,326,NAICS 326 - Plastics and Rubber,23,709279.11,INFO,
4,MA,2017,335,NAICS 335 - Electrical Equipment,16,31508.7259,INFO,
5,MA,2017,336,NAICS 336 - Transportation Equipment,14,15497.264,INFO,
6,MA,2017,324,NAICS 324 - Petroleum,7,52.97755,INFO,
7,MA,2017,339,NAICS 339 - Miscellaneous Manufacturing,25,393737.089,INFO,
8,MA,2017,314,NAICS 314 - Textile Product,1,52.3,INFO,
9,MA,2017,331,NAICS 331 - Primary Metals,21,238287.0748256,INFO,
10,MA,2017,562,NAICS 562 - Hazardous Waste,7,43886.153,INFO,
11,MA,2017,322,NAICS 322 - Paper,16,220750.365,INFO,
12,MA,2017,4247,NAICS 4247 - Petroleum Bulk Terminals,15,29176.2786,INFO,
13,MA,2017,323,NAICS 323 - Printing,3,9673.0,INFO,
14,MA,2017,325,NAICS 325 - Chemicals,68,661022.5602399999,INFO,
15,MA,2017,337,NAICS 337 - Furniture,1,250.0,INFO,
16,MA,2017,321,NAICS 321 - Wood Products,1,0.0,INFO,
17,MA,2017,313,NAICS 313 - Textiles,4,29374.0,INFO,
18,MA,2017,333,NAICS 333 - Machinery,18,61714.872,INFO,
19,MA,2017,316,NAICS 316 - Leather,2,11506.0,INFO,
20,MA,2017,327,NAICS 327 - Nonmetallic Mineral Product,16,63149.1607,INFO,
21,MA,2017,4246,NAICS 4246 - Chemical Wholesalers,26,9839.8006,INFO,
22,MA,2017,999,NAICS 999 - Other,7,20546.7669,INFO,
23,MA,2017,334,NAICS 334 - Computers/Electronics Products,17,41418.32,INFO,
24,MA,2017,3121,NAICS 3121 - Beverages,2,15.0,INFO,
0,MI,2017,331,NAICS 331 - Primary Metals,55,15181283.126694642,INFO,
1,MI,2017,323,NAICS 323 - Printing,5,237104.0,INFO,
2,MI,2017,322,NAICS 322 - Paper,29,2419339.560657212,INFO,
3,MI,2017,324,NAICS 324 - Petroleum,42,428778.6844162809,INFO,
4,MI,2017,4246,NAICS 4246 - Chemical Wholesalers,27,17973.3419,INFO,
5,MI,2017,325,NAICS 325 - Chemicals,128,2825911.8003071,INFO,
6,MI,2017,4247,NAICS 4247 - Petroleum Bulk Terminals,13,22345.0,INFO,
7,MI,2017,562,NAICS 562 - Hazardous Waste,63,17636560.54504,INFO,
8,MI,2017,335,NAICS 335 - Electrical Equipment,14,30799.23862,INFO,
9,MI,2017,321,NAICS 321 - Wood Products,13,310398.5,INFO,
10,MI,2017,336,NAICS 336 - Transportation Equipment,48,3517994.6785231004,INFO,
11,MI,2017,339,NAICS 339 - Miscellaneous Manufacturing,12,23953.425,INFO,
12,MI,2017,2122,NAICS 2122 - Metal Mining,6,8775035.6778,INFO,
13,MI,2017,999,NAICS 999 - Other,8,65746.65,INFO,
14,MI,2017,334,NAICS 334 - Computers/Electronics Products,13,19129.928369999998,INFO,
15,MI,2017,332,NAICS 332 - Fabricated Metals,43,2598815.4524537004,INFO,
16,MI,2017,327,NAICS 327 - Nonmetallic Mineral Product,31,1296913.6879194845,INFO,
17,MI,2017,326,NAICS 326 - Plastics and Rubber,33,916771.5988629999,INFO,
18,MI,2017,311,NAICS 311 - Food,16,2711430.71,INFO,
19,MI,2017,313,NAICS 313 - Textiles,1,26235.0,INFO,
20,MI,2017,316,NAICS 316 - Leather,3,299.4,INFO,
21,MI,2017,333,NAICS 333 - Machinery,20,30076.246,INFO,
22,MI,2017,2211,NAICS 2211 - Electric Utilities,23,15238545.680042265,INFO,
23,MI,2017,337,NAICS 337 - Furniture,5,27.67735,INFO,
0,MN,2017,311,NAICS 311 - Food,28,5497058.413791762,INFO,
1,MN,2017,4246,NAICS 4246 - Chemical Wholesalers,23,7594.9945,INFO,
2,MN,2017,323,NAICS 323 - Printing,1,16217.83784,INFO,
3,MN,2017,335,NAICS 335 - Electrical Equipment,13,60499.612,INFO,
4,MN,2017,326,NAICS 326 - Plastics and Rubber,29,659526.175,INFO,
5,MN,2017,332,NAICS 332 - Fabricated Metals,39,1092525.4616,INFO,
6,MN,2017,339,NAICS 339 - Miscellaneous Manufacturing,12,19646.0,INFO,
7,MN,2017,314,NAICS 314 - Textile Product,1,0.06485,INFO,
8,MN,2017,331,NAICS 331 - Primary Metals,30,3284384.333074426,INFO,
9,MN,2017,334,NAICS 334 - Computers/Electronics Products,23,131561.4076,INFO,
10,MN,2017,336,NAICS 336 - Transportation Equipment,20,117019.68,INFO,
11,MN,2017,316,NAICS 316 - Leather,7,175638.56,INFO,
12,MN,2017,322,NAICS 322 - Paper,28,1691846.3485652646,INFO,
13,MN,2017,327,NAICS 327 - Nonmetallic Mineral Product,12,132137.702873,INFO,
14,MN,2017,337,NAICS 337 - Furniture,13,217767.61899999998,INFO,
15,MN,2017,2211,NAICS 2211 - Electric Utilities,18,8444413.28043501,INFO,
16,MN,2017,324,NAICS 324 - Petroleum,50,1203614.0306134354,INFO,
17,MN,2017,999,NAICS 999 - Other,7,87691.222,INFO,
18,MN,2017,4247,NAICS 4247 - Petroleum Bulk Terminals,3,1834.0,INFO,
19,MN,2017,325,NAICS 325 - Chemicals,78,1381615.9954,INFO,
20,MN,2017,333,NAICS 333 - Machinery,27,337094.9906,INFO,
21,MN,2017,562,NAICS 562 - Hazardous Waste,10,71648.81,INFO,
22,MN,2017,321,NAICS 321 - Wood Products,20,91292.44080955353,INFO,
0,MS,2017,321,NAICS 321 - Wood Products,21,497709.5407940657,INFO,
1,MS,2017,322,NAICS 322 - Paper,26,9915332.417030219,INFO,
2,MS,2017,326,NAICS 326 - Plastics and Rubber,23,505584.959,INFO,
3,MS,2017,335,NAICS 335 - Electrical Equipment,15,146181.08,INFO,
4,MS,2017,311,NAICS 311 - Food,15,6977246.836,INFO,
5,MS,2017,325,NAICS 325 - Chemicals,98,38782316.6635969,INFO,
6,MS,2017,339,NAICS 339 - Miscellaneous Manufacturing,2,12845.0,INFO,
7,MS,2017,2211,NAICS 2211 - Electric Utilities,17,2829533.072121045,INFO,
8,MS,2017,337,NAICS 337 - Furniture,5,46836.9011,INFO,
9,MS,2017,327,NAICS 327 - Nonmetallic Mineral Product,11,241580.2753993,INFO,
10,MS,2017,336,NAICS 336 - Transportation Equipment,35,990672.90614,INFO,
11,MS,2017,4247,NAICS 4247 - Petroleum Bulk Terminals,10,7961.1,INFO,
12,MS,2017,999,NAICS 999 - Other,7,218355.02,INFO,
13,MS,2017,334,NAICS 334 - Computers/Electronics Products,2,29.014,INFO,
14,MS,2017,331,NAICS 331 - Primary Metals,33,1741453.7944099999,INFO,
15,MS,2017,4246,NAICS 4246 - Chemical Wholesalers,8,19006.4,INFO,
16,MS,2017,324,NAICS 324 - Petroleum,52,2427833.5703000803,INFO,
17,MS,2017,332,NAICS 332 - Fabricated Metals,32,731424.2205,INFO,
18,MS,2017,333,NAICS 333 - Machinery,19,58031.2298,INFO,
19,MS,2017,314,NAICS 314 - Textile Product,2,0.0,INFO,
0,MO,2017,325,NAICS 325 - Chemicals,145,1341583.926702882,INFO,
1,MO,2017,562,NAICS 562 - Hazardous Waste,12,6748.74,INFO,
2,MO,2017,326,NAICS 326 - Plastics and Rubber,37,966583.1531499,INFO,
3,MO,2017,4246,NAICS 4246 - Chemical Wholesalers,27,45141.54,INFO,
4,MO,2017,323,NAICS 323 - Printing,5,38620.06,INFO,
5,MO,2017,3121,NAICS 3121 - Beverages,8,111888.74,INFO,
6,MO,2017,321,NAICS 321 - Wood Products,8,33896.348,INFO,
7,MO,2017,324,NAICS 324 - Petroleum,28,32094.33330010068,INFO,
8,MO,2017,327,NAICS 327 - Nonmetallic Mineral Product,65,1006550.9265205055,INFO,
9,MO,2017,336,NAICS 336 - Transportation Equipment,39,2734699.518,INFO,
10,MO,2017,337,NAICS 337 - Furniture,7,91633.75,INFO,
11,MO,2017,322,NAICS 322 - Paper,3,557.6243000280538,INFO,
12,MO,2017,311,NAICS 311 - Food,22,3389934.5909,INFO,
13,MO,2017,999,NAICS 999 - Other,11,228867.8888,INFO,
14,MO,2017,333,NAICS 333 - Machinery,14,99876.2723222,INFO,
15,MO,2017,316,NAICS 316 - Leather,6,1301436.68,INFO,
16,MO,2017,332,NAICS 332 - Fabricated Metals,43,1201423.3102,INFO,
17,MO,2017,339,NAICS 339 - Miscellaneous Manufacturing,10,6603.0,INFO,
18,MO,2017,2211,NAICS 2211 - Electric Utilities,19,12761046.529993739,INFO,
19,MO,2017,334,NAICS 334 - Computers/Electronics Products,9,9864.11,INFO,
20,MO,2017,2122,NAICS 2122 - Metal Mining,5,25902322.29,INFO,
21,MO,2017,331,NAICS 331 - Primary Metals,26,4870020.924962429,INFO,
22,MO,2017,335,NAICS 335 - Electrical Equipment,17,332392.67001999996,INFO,
23,MO,2017,4247,NAICS 4247 - Petroleum Bulk Terminals,14,7818.393,INFO,
0,MT,2017,324,NAICS 324 - Petroleum,46,697234.6209212444,INFO,
1,MT,2017,4246,NAICS 4246 - Chemical Wholesalers,10,6555.84,INFO,
2,MT,2017,2121,NAICS 2121 - Coal Mining,3,3.35275,INFO,
3,MT,2017,332,NAICS 332 - Fabricated Metals,1,0.0,INFO,
4,MT,2017,2211,NAICS 2211 - Electric Utilities,28,8622073.470033443,INFO,
5,MT,2017,331,NAICS 331 - Primary Metals,12,6338.8,INFO,
6,MT,2017,339,NAICS 339 - Miscellaneous Manufacturing,5,25761.0,INFO,
7,MT,2017,2122,NAICS 2122 - Metal Mining,18,29311874.6661,INFO,
8,MT,2017,311,NAICS 311 - Food,9,450080.5,INFO,
9,MT,2017,321,NAICS 321 - Wood Products,9,310657.48,INFO,
10,MT,2017,325,NAICS 325 - Chemicals,25,162571.842,INFO,
11,MT,2017,327,NAICS 327 - Nonmetallic Mineral Product,8,57882.500149800006,INFO,
12,MT,2017,4247,NAICS 4247 - Petroleum Bulk Terminals,11,2713.8,INFO,
13,MT,2017,999,NAICS 999 - Other,3,30222.0,INFO,
0,NE,2017,337,NAICS 337 - Furniture,4,3032.0,INFO,
1,NE,2017,999,NAICS 999 - Other,4,4586.5,INFO,
2,NE,2017,313,NAICS 313 - Textiles,3,3100.53,INFO,
3,NE,2017,562,NAICS 562 - Hazardous Waste,87,1405124.3500221185,INFO,
4,NE,2017,325,NAICS 325 - Chemicals,41,1957458.055244,INFO,
5,NE,2017,4246,NAICS 4246 - Chemical Wholesalers,3,280.8,INFO,
6,NE,2017,332,NAICS 332 - Fabricated Metals,19,717485.36177,INFO,
7,NE,2017,336,NAICS 336 - Transportation Equipment,16,267663.6852,INFO,
8,NE,2017,335,NAICS 335 - Electrical Equipment,9,10374.243605,INFO,
9,NE,2017,324,NAICS 324 - Petroleum,6,49.72003,INFO,
10,NE,2017,326,NAICS 326 - Plastics and Rubber,16,309139.3783,INFO,
11,NE,2017,327,NAICS 327 - Nonmetallic Mineral Product,12,262511.36747399997,INFO,
12,NE,2017,339,NAICS 339 - Miscellaneous Manufacturing,7,11461.69,INFO,
13,NE,2017,2211,NAICS 2211 - Electric Utilities,19,5089476.438609595,INFO,
14,NE,2017,331,NAICS 331 - Primary Metals,20,173012.676,INFO,
15,NE,2017,311,NAICS 311 - Food,40,7041938.357490263,INFO,
16,NE,2017,334,NAICS 334 - Computers/Electronics Products,10,89195.7141,INFO,
17,NE,2017,321,NAICS 321 - Wood Products,8,7.200002107201635,INFO,
18,NE,2017,333,NAICS 333 - Machinery,15,32008.61,INFO,
0,NV,2017,2122,NAICS 2122 - Metal Mining,37,376644248.302,INFO,
1,NV,2017,321,NAICS 321 - Wood Products,3,3.1,INFO,
2,NV,2017,325,NAICS 325 - Chemicals,24,3779088.3549,INFO,
3,NV,2017,4247,NAICS 4247 - Petroleum Bulk Terminals,14,6084.4130000000005,INFO,
4,NV,2017,339,NAICS 339 - Miscellaneous Manufacturing,2,0.0,INFO,
5,NV,2017,2211,NAICS 2211 - Electric Utilities,12,182484.12300853094,INFO,
6,NV,2017,311,NAICS 311 - Food,6,4268.4,INFO,
7,NV,2017,562,NAICS 562 - Hazardous Waste,50,11252580.5404,INFO,
8,NV,2017,999,NAICS 999 - Other,15,239026.20705,INFO,
9,NV,2017,324,NAICS 324 - Petroleum,9,2499.222,INFO,
10,NV,2017,331,NAICS 331 - Primary Metals,11,4958026.51,INFO,
11,NV,2017,336,NAICS 336 - Transportation Equipment,5,234.16185,INFO,
12,NV,2017,327,NAICS 327 - Nonmetallic Mineral Product,13,92717.83643514077,INFO,
13,NV,2017,332,NAICS 332 - Fabricated Metals,14,462728.6125,INFO,
14,NV,2017,334,NAICS 334 - Computers/Electronics Products,1,0.768,INFO,
15,NV,2017,4246,NAICS 4246 - Chemical Wholesalers,1,5.0,INFO,
16,NV,2017,323,NAICS 323 - Printing,4,164562.0,INFO,
17,NV,2017,326,NAICS 326 - Plastics and Rubber,13,27599.735,INFO,
18,NV,2017,333,NAICS 333 - Machinery,3,27.0,INFO,
0,NH,2017,2211,NAICS 2211 - Electric Utilities,9,63474.44,INFO,
1,NH,2017,324,NAICS 324 - Petroleum,5,141.5728,INFO,
2,NH,2017,326,NAICS 326 - Plastics and Rubber,7,36200.39,INFO,
3,NH,2017,332,NAICS 332 - Fabricated Metals,16,108661.464,INFO,
4,NH,2017,333,NAICS 333 - Machinery,7,351.85,INFO,
5,NH,2017,327,NAICS 327 - Nonmetallic Mineral Product,5,71.7702,INFO,
6,NH,2017,4247,NAICS 4247 - Petroleum Bulk Terminals,9,3435.65657,INFO,
7,NH,2017,322,NAICS 322 - Paper,2,0.0,INFO,
8,NH,2017,331,NAICS 331 - Primary Metals,14,30961.650980000002,INFO,
9,NH,2017,334,NAICS 334 - Computers/Electronics Products,18,20212.766597799997,INFO,
10,NH,2017,325,NAICS 325 - Chemicals,16,17586.66,INFO,
11,NH,2017,335,NAICS 335 - Electrical Equipment,11,9859.105,INFO,
12,NH,2017,999,NAICS 999 - Other,10,922.941,INFO,
13,NH,2017,3121,NAICS 3121 - Beverages,1,0.0,INFO,
14,NH,2017,311,NAICS 311 - Food,1,0.0,INFO,
15,NH,2017,336,NAICS 336 - Transportation Equipment,10,10349.47,INFO,
16,NH,2017,339,NAICS 339 - Miscellaneous Manufacturing,8,12730.89,INFO,
17,NH,2017,313,NAICS 313 - Textiles,1,11985.0,INFO,
18,NH,2017,4246,NAICS 4246 - Chemical Wholesalers,4,4.87,INFO,
0,NJ,2017,4246,NAICS 4246 - Chemical Wholesalers,38,47501.0,INFO,
1,NJ,2017,311,NAICS 311 - Food,6,75679.54,INFO,
2,NJ,2017,333,NAICS 333 - Machinery,10,5773.5667,INFO,
3,NJ,2017,322,NAICS 322 - Paper,10,22867.850077349955,INFO,
4,NJ,2017,4247,NAICS 4247 - Petroleum Bulk Terminals,17,71042.88,INFO,
5,NJ,2017,313,NAICS 313 - Textiles,3,25693.0,INFO,
6,NJ,2017,323,NAICS 323 - Printing,2,23500.0,INFO,
7,NJ,2017,562,NAICS 562 - Hazardous Waste,30,2489104.08,INFO,
8,NJ,2017,334,NAICS 334 - Computers/Electronics Products,8,2956.011,INFO,
9,NJ,2017,324,NAICS 324 - Petroleum,40,3684866.8291641003,INFO,
10,NJ,2017,332,NAICS 332 - Fabricated Metals,30,760889.442,INFO,
11,NJ,2017,336,NAICS 336 - Transportation Equipment,6,50417.242,INFO,
12,NJ,2017,337,NAICS 337 - Furniture,1,16596.0,INFO,
13,NJ,2017,331,NAICS 331 - Primary Metals,37,896672.4476765255,INFO,
14,NJ,2017,339,NAICS 339 - Miscellaneous Manufacturing,11,19786.76,INFO,
15,NJ,2017,999,NAICS 999 - Other,5,257326.94,INFO,
16,NJ,2017,325,NAICS 325 - Chemicals,113,3521277.2548,INFO,
17,NJ,2017,335,NAICS 335 - Electrical Equipment,10,4754.38,INFO,
18,NJ,2017,2211,NAICS 2211 - Electric Utilities,15,324005.8100024172,INFO,
19,NJ,2017,326,NAICS 326 - Plastics and Rubber,12,108604.2554247,INFO,
20,NJ,2017,327,NAICS 327 - Nonmetallic Mineral Product,11,34591.665906,INFO,
21,NJ,2017,511,NAICS 511 - Publishing,2,0.14,INFO,
22,NJ,2017,3121,NAICS 3121 - Beverages,1,291.0,INFO,
0,NM,2017,2121,NAICS 2121 - Coal Mining,13,2662145.6,INFO,
1,NM,2017,311,NAICS 311 - Food,8,115304.71800000001,INFO,
2,NM,2017,331,NAICS 331 - Primary Metals,5,474.0,INFO,
3,NM,2017,325,NAICS 325 - Chemicals,1,5952.5,INFO,
4,NM,2017,335,NAICS 335 - Electrical Equipment,5,32486.765,INFO,
5,NM,2017,4246,NAICS 4246 - Chemical Wholesalers,8,12096.4,INFO,
6,NM,2017,2211,NAICS 2211 - Electric Utilities,21,4365779.070015922,INFO,
7,NM,2017,334,NAICS 334 - Computers/Electronics Products,13,129005.24,INFO,
8,NM,2017,999,NAICS 999 - Other,9,6584733.387999999,INFO,
9,NM,2017,324,NAICS 324 - Petroleum,38,440244.6346029197,INFO,
10,NM,2017,4247,NAICS 4247 - Petroleum Bulk Terminals,17,29393.680756,INFO,
11,NM,2017,339,NAICS 339 - Miscellaneous Manufacturing,1,0.0,INFO,
12,NM,2017,322,NAICS 322 - Paper,3,260.0,INFO,
13,NM,2017,562,NAICS 562 - Hazardous Waste,4,131118.0,INFO,
14,NM,2017,327,NAICS 327 - Nonmetallic Mineral Product,4,1526.5000012796847,INFO,
15,NM,2017,326,NAICS 326 - Plastics and Rubber,4,8166.0,INFO,
16,NM,2017,332,NAICS 332 - Fabricated Metals,3,2715.75,INFO,
17,NM,2017,2122,NAICS 2122 - Metal Mining,10,3464757.1,INFO,
18,NM,2017,337,NAICS 337 - Furniture,2,265.0,INFO,
19,NM,2017,321,NAICS 321 - Wood Products,1,0.0,INFO,
0,NY,2017,325,NAICS 325 - Chemicals,107,1788181.776101729,INFO,
1,NY,2017,334,NAICS 334 - Computers/Electronics Products,25,1207904.504845,INFO,
2,NY,2017,316,NAICS 316 - Leather,1,130.0,INFO,
3,NY,2017,4247,NAICS 4247 - Petroleum Bulk Terminals,19,50235.4835835,INFO,
4,NY,2017,339,NAICS 339 - Miscellaneous Manufacturing,18,162384.5181,INFO,
5,NY,2017,337,NAICS 337 - Furniture,7,48006.100000587976,INFO,
6,NY,2017,999,NAICS 999 - Other,25,264687.5796647,INFO,
7,NY,2017,322,NAICS 322 - Paper,26,1935427.132075462,INFO,
8,NY,2017,333,NAICS 333 - Machinery,22,155789.869653,INFO,
9,NY,2017,323,NAICS 323 - Printing,7,63865.73,INFO,
10,NY,2017,336,NAICS 336 - Transportation Equipment,18,257850.5842,INFO,
11,NY,2017,321,NAICS 321 - Wood Products,4,608.0,INFO,
12,NY,2017,332,NAICS 332 - Fabricated Metals,35,645607.2811,INFO,
13,NY,2017,3121,NAICS 3121 - Beverages,6,1412467.56,INFO,
14,NY,2017,331,NAICS 331 - Primary Metals,43,2432420.067816538,INFO,
15,NY,2017,313,NAICS 313 - Textiles,6,31428.5,INFO,
16,NY,2017,4246,NAICS 4246 - Chemical Wholesalers,34,19008.75,INFO,
17,NY,2017,2211,NAICS 2211 - Electric Utilities,26,1417890.5755360536,INFO,
18,NY,2017,2122,NAICS 2122 - Metal Mining,6,2008.1,INFO,
19,NY,2017,562,NAICS 562 - Hazardous Waste,10,7714850.31,INFO,
20,NY,2017,311,NAICS 311 - Food,17,1375040.82,INFO,
21,NY,2017,327,NAICS 327 - Nonmetallic Mineral Product,88,331732.61337479996,INFO,
22,NY,2017,324,NAICS 324 - Petroleum,8,4638.44866,INFO,
23,NY,2017,326,NAICS 326 - Plastics and Rubber,23,474753.7436,INFO,
24,NY,2017,335,NAICS 335 - Electrical Equipment,17,231543.2077,INFO,
0,NC,2017,332,NAICS 332 - Fabricated Metals,42,956119.7246488525,INFO,
1,NC,2017,325,NAICS 325 - Chemicals,120,11146483.529823262,INFO,
2,NC,2017,336,NAICS 336 - Transportation Equipment,37,879055.7306299999,INFO,
3,NC,2017,333,NAICS 333 - Machinery,27,223983.9367529,INFO,
4,NC,2017,311,NAICS 311 - Food,26,8041816.31201323,INFO,
5,NC,2017,323,NAICS 323 - Printing,8,145121.44,INFO,
6,NC,2017,3122,NAICS 3122 - Tobacco,3,481487.23,INFO,
7,NC,2017,322,NAICS 322 - Paper,32,9502246.44386322,INFO,
8,NC,2017,339,NAICS 339 - Miscellaneous Manufacturing,5,23558.9,INFO,
9,NC,2017,4247,NAICS 4247 - Petroleum Bulk Terminals,17,12982.8675,INFO,
10,NC,2017,327,NAICS 327 - Nonmetallic Mineral Product,44,846879.4029399999,INFO,
11,NC,2017,331,NAICS 331 - Primary Metals,33,1101692.1090000002,INFO,
12,NC,2017,314,NAICS 314 - Textile Product,8,28038.8,INFO,
13,NC,2017,337,NAICS 337 - Furniture,10,190560.15634638257,INFO,
14,NC,2017,3121,NAICS 3121 - Beverages,2,0.0,INFO,
15,NC,2017,326,NAICS 326 - Plastics and Rubber,32,1229647.32875,INFO,
16,NC,2017,324,NAICS 324 - Petroleum,10,178253.6472005708,INFO,
17,NC,2017,2211,NAICS 2211 - Electric Utilities,23,13948673.103683483,INFO,
18,NC,2017,313,NAICS 313 - Textiles,12,234461.62600000002,INFO,
19,NC,2017,4246,NAICS 4246 - Chemical Wholesalers,27,24906.036969,INFO,
20,NC,2017,335,NAICS 335 - Electrical Equipment,22,233847.45863,INFO,
21,NC,2017,999,NAICS 999 - Other,23,1450269.1150530002,INFO,
22,NC,2017,2122,NAICS 2122 - Metal Mining,1,0.0,INFO,
23,NC,2017,321,NAICS 321 - Wood Products,22,1582729.8248283428,INFO,
24,NC,2017,334,NAICS 334 - Computers/Electronics Products,18,76198.4904,INFO,
25,NC,2017,316,NAICS 316 - Leather,1,750.0,INFO,
26,NC,2017,562,NAICS 562 - Hazardous Waste,7,30750.447889999996,INFO,
0,ND,2017,336,NAICS 336 - Transportation Equipment,6,25.33,INFO,
1,ND,2017,339,NAICS 339 - Miscellaneous Manufacturing,1,41.64,INFO,
2,ND,2017,335,NAICS 335 - Electrical Equipment,1,97306.0,INFO,
3,ND,2017,327,NAICS 327 - Nonmetallic Mineral Product,9,40135.981567,INFO,
4,ND,2017,4246,NAICS 4246 - Chemical Wholesalers,6,8775.0,INFO,
5,ND,2017,331,NAICS 331 - Primary Metals,2,4.8,INFO,
6,ND,2017,321,NAICS 321 - Wood Products,2,0.0,INFO,
7,ND,2017,334,NAICS 334 - Computers/Electronics Products,1,2.0851584,INFO,
8,ND,2017,311,NAICS 311 - Food,18,1563027.8031275289,INFO,
9,ND,2017,2211,NAICS 2211 - Electric Utilities,39,23610788.096776836,INFO,
10,ND,2017,325,NAICS 325 - Chemicals,52,12954498.92000074,INFO,
11,ND,2017,2121,NAICS 2121 - Coal Mining,2,32827.66,INFO,
12,ND,2017,999,NAICS 999 - Other,3,5000.0,INFO,
13,ND,2017,326,NAICS 326 - Plastics and Rubber,2,1769.7,INFO,
14,ND,2017,324,NAICS 324 - Petroleum,37,305458.5497740452,INFO,
15,ND,2017,333,NAICS 333 - Machinery,13,430758.43,INFO,
16,ND,2017,4247,NAICS 4247 - Petroleum Bulk Terminals,14,10605.09,INFO,
17,ND,2017,332,NAICS 332 - Fabricated Metals,4,1087.347,INFO,
0,OH,2017,336,NAICS 336 - Transportation Equipment,49,2278131.009767629,INFO,
1,OH,2017,337,NAICS 337 - Furniture,14,53018.34240396909,INFO,
2,OH,2017,323,NAICS 323 - Printing,10,23199.02,INFO,
3,OH,2017,321,NAICS 321 - Wood Products,8,52350.2,INFO,
4,OH,2017,314,NAICS 314 - Textile Product,2,1578.0,INFO,
5,OH,2017,4247,NAICS 4247 - Petroleum Bulk Terminals,15,43723.751,INFO,
6,OH,2017,3121,NAICS 3121 - Beverages,4,62294.2,INFO,
7,OH,2017,311,NAICS 311 - Food,23,1881904.3058,INFO,
8,OH,2017,2121,NAICS 2121 - Coal Mining,2,29409.7,INFO,
9,OH,2017,4246,NAICS 4246 - Chemical Wholesalers,47,91199.296,INFO,
10,OH,2017,322,NAICS 322 - Paper,26,1026978.8960032084,INFO,
11,OH,2017,999,NAICS 999 - Other,32,357169.07949090004,INFO,
12,OH,2017,333,NAICS 333 - Machinery,32,1178059.43787,INFO,
13,OH,2017,562,NAICS 562 - Hazardous Waste,232,14129942.144251432,INFO,
14,OH,2017,332,NAICS 332 - Fabricated Metals,48,5290752.902480001,INFO,
15,OH,2017,331,NAICS 331 - Primary Metals,53,32103443.664292432,INFO,
16,OH,2017,326,NAICS 326 - Plastics and Rubber,42,1457055.002262,INFO,
17,OH,2017,339,NAICS 339 - Miscellaneous Manufacturing,23,116872.07,INFO,
18,OH,2017,313,NAICS 313 - Textiles,7,54373.0,INFO,
19,OH,2017,335,NAICS 335 - Electrical Equipment,30,394540.94210100005,INFO,
20,OH,2017,334,NAICS 334 - Computers/Electronics Products,16,565207.4864624001,INFO,
21,OH,2017,324,NAICS 324 - Petroleum,56,2088280.675504521,INFO,
22,OH,2017,325,NAICS 325 - Chemicals,168,28784888.709729444,INFO,
23,OH,2017,2211,NAICS 2211 - Electric Utilities,24,21668700.046089042,INFO,
24,OH,2017,327,NAICS 327 - Nonmetallic Mineral Product,60,4008628.8605891517,INFO,
0,OK,2017,333,NAICS 333 - Machinery,23,85450.2338,INFO,
1,OK,2017,4246,NAICS 4246 - Chemical Wholesalers,20,18084.5,INFO,
2,OK,2017,313,NAICS 313 - Textiles,2,1400.0,INFO,
3,OK,2017,331,NAICS 331 - Primary Metals,23,593076.3060703775,INFO,
4,OK,2017,322,NAICS 322 - Paper,19,6154358.216047393,INFO,
5,OK,2017,325,NAICS 325 - Chemicals,69,9671049.43377,INFO,
6,OK,2017,326,NAICS 326 - Plastics and Rubber,25,476968.505,INFO,
7,OK,2017,999,NAICS 999 - Other,18,460803.23176999995,INFO,
8,OK,2017,323,NAICS 323 - Printing,5,68898.0,INFO,
9,OK,2017,562,NAICS 562 - Hazardous Waste,29,4575299.6204087995,INFO,
10,OK,2017,321,NAICS 321 - Wood Products,13,311101.5400890106,INFO,
11,OK,2017,334,NAICS 334 - Computers/Electronics Products,6,400.01,INFO,
12,OK,2017,324,NAICS 324 - Petroleum,50,1462849.3453032365,INFO,
13,OK,2017,327,NAICS 327 - Nonmetallic Mineral Product,44,348275.5498178383,INFO,
14,OK,2017,335,NAICS 335 - Electrical Equipment,12,77310.664,INFO,
15,OK,2017,2211,NAICS 2211 - Electric Utilities,17,1550960.7627155585,INFO,
16,OK,2017,311,NAICS 311 - Food,13,3327835.4,INFO,
17,OK,2017,339,NAICS 339 - Miscellaneous Manufacturing,4,27573.0,INFO,
18,OK,2017,332,NAICS 332 - Fabricated Metals,24,748841.75101,INFO,
19,OK,2017,336,NAICS 336 - Transportation Equipment,21,315160.50201999996,INFO,
20,OK,2017,4247,NAICS 4247 - Petroleum Bulk Terminals,24,24649.293999999998,INFO,
0,OR,2017,321,NAICS 321 - Wood Products,20,1236404.0230362387,INFO,
1,OR,2017,333,NAICS 333 - Machinery,5,784.815531,INFO,
2,OR,2017,336,NAICS 336 - Transportation Equipment,23,291243.2519,INFO,
3,OR,2017,339,NAICS 339 - Miscellaneous Manufacturing,3,28490.32,INFO,
4,OR,2017,4246,NAICS 4246 - Chemical Wholesalers,14,6818.805,INFO,
5,OR,2017,562,NAICS 562 - Hazardous Waste,52,9567094.904,INFO,
6,OR,2017,332,NAICS 332 - Fabricated Metals,24,191435.524416,INFO,
7,OR,2017,335,NAICS 335 - Electrical Equipment,3,35.0,INFO,
8,OR,2017,3121,NAICS 3121 - Beverages,1,0.0,INFO,
9,OR,2017,334,NAICS 334 - Computers/Electronics Products,17,365322.79016,INFO,
10,OR,2017,4247,NAICS 4247 - Petroleum Bulk Terminals,14,12587.51,INFO,
11,OR,2017,999,NAICS 999 - Other,4,5070.15,INFO,
12,OR,2017,311,NAICS 311 - Food,7,244916.1,INFO,
13,OR,2017,326,NAICS 326 - Plastics and Rubber,14,166683.3,INFO,
14,OR,2017,323,NAICS 323 - Printing,1,755.0,INFO,
15,OR,2017,324,NAICS 324 - Petroleum,15,8223.6223032,INFO,
16,OR,2017,327,NAICS 327 - Nonmetallic Mineral Product,11,29937.6130427,INFO,
17,OR,2017,331,NAICS 331 - Primary Metals,28,2492558.3671323997,INFO,
18,OR,2017,337,NAICS 337 - Furniture,7,156849.68,INFO,
19,OR,2017,2211,NAICS 2211 - Electric Utilities,8,379020.1000077613,INFO,
20,OR,2017,322,NAICS 322 - Paper,22,3366330.0696102004,INFO,
21,OR,2017,325,NAICS 325 - Chemicals,50,1002082.5779599999,INFO,
0,PA,2017,324,NAICS 324 - Petroleum,55,5433078.439700793,INFO,
1,PA,2017,311,NAICS 311 - Food,15,1910447.351,INFO,
2,PA,2017,316,NAICS 316 - Leather,2,34579.0,INFO,
3,PA,2017,325,NAICS 325 - Chemicals,150,2941073.187445804,INFO,
4,PA,2017,335,NAICS 335 - Electrical Equipment,23,683068.2479636193,INFO,
5,PA,2017,313,NAICS 313 - Textiles,2,17062.62,INFO,
6,PA,2017,331,NAICS 331 - Primary Metals,63,14801343.166733794,INFO,
7,PA,2017,323,NAICS 323 - Printing,8,212174.44,INFO,
8,PA,2017,3121,NAICS 3121 - Beverages,4,2091.5,INFO,
9,PA,2017,326,NAICS 326 - Plastics and Rubber,32,791367.84217,INFO,
10,PA,2017,2211,NAICS 2211 - Electric Utilities,35,16306310.03826494,INFO,
11,PA,2017,339,NAICS 339 - Miscellaneous Manufacturing,18,287703.3614,INFO,
12,PA,2017,3122,NAICS 3122 - Tobacco,1,20454.047,INFO,
13,PA,2017,4246,NAICS 4246 - Chemical Wholesalers,44,46665.2164,INFO,
14,PA,2017,321,NAICS 321 - Wood Products,23,476887.35500446055,INFO,
15,PA,2017,999,NAICS 999 - Other,12,116650.427,INFO,
16,PA,2017,334,NAICS 334 - Computers/Electronics Products,16,65983.7676086,INFO,
17,PA,2017,327,NAICS 327 - Nonmetallic Mineral Product,49,868556.32813297,INFO,
18,PA,2017,322,NAICS 322 - Paper,31,1583060.6608463502,INFO,
19,PA,2017,332,NAICS 332 - Fabricated Metals,50,1932926.1643246002,INFO,
20,PA,2017,333,NAICS 333 - Machinery,27,495204.2728,INFO,
21,PA,2017,336,NAICS 336 - Transportation Equipment,35,519884.6579,INFO,
22,PA,2017,4247,NAICS 4247 - Petroleum Bulk Terminals,16,24851.9383218,INFO,
23,PA,2017,337,NAICS 337 - Furniture,13,461949.8138,INFO,
24,PA,2017,562,NAICS 562 - Hazardous Waste,35,4269628.288369999,INFO,
0,RI,2017,313,NAICS 313 - Textiles,5,14845.29,INFO,
1,RI,2017,334,NAICS 334 - Computers/Electronics Products,4,1030.8894125,INFO,
2,RI,2017,336,NAICS 336 - Transportation Equipment,11,20506.8864475,INFO,
3,RI,2017,562,NAICS 562 - Hazardous Waste,7,1523.44,INFO,
4,RI,2017,335,NAICS 335 - Electrical Equipment,8,26187.298,INFO,
5,RI,2017,327,NAICS 327 - Nonmetallic Mineral Product,2,3809.28,INFO,
6,RI,2017,4247,NAICS 4247 - Petroleum Bulk Terminals,15,56512.45,INFO,
7,RI,2017,332,NAICS 332 - Fabricated Metals,18,79474.2527,INFO,
8,RI,2017,2211,NAICS 2211 - Electric Utilities,5,104237.5,INFO,
9,RI,2017,321,NAICS 321 - Wood Products,4,12010.658000000001,INFO,
10,RI,2017,325,NAICS 325 - Chemicals,27,22506.01936,INFO,
11,RI,2017,331,NAICS 331 - Primary Metals,20,65958.19,INFO,
12,RI,2017,4246,NAICS 4246 - Chemical Wholesalers,10,1351.2,INFO,
13,RI,2017,322,NAICS 322 - Paper,2,55.29,INFO,
14,RI,2017,339,NAICS 339 - Miscellaneous Manufacturing,4,38.61252,INFO,
15,RI,2017,333,NAICS 333 - Machinery,1,165.00099999999998,INFO,
16,RI,2017,999,NAICS 999 - Other,1,0.0,INFO,
17,RI,2017,326,NAICS 326 - Plastics and Rubber,11,29734.01,INFO,
0,SC,2017,311,NAICS 311 - Food,14,535401.868038,INFO,
1,SC,2017,325,NAICS 325 - Chemicals,146,7787168.287080247,INFO,
2,SC,2017,335,NAICS 335 - Electrical Equipment,23,192949.72,INFO,
3,SC,2017,336,NAICS 336 - Transportation Equipment,36,1740784.880344,INFO,
4,SC,2017,4246,NAICS 4246 - Chemical Wholesalers,25,13695.7283,INFO,
5,SC,2017,334,NAICS 334 - Computers/Electronics Products,15,203060.55,INFO,
6,SC,2017,323,NAICS 323 - Printing,8,542986.2,INFO,
7,SC,2017,333,NAICS 333 - Machinery,27,101858.7758261,INFO,
8,SC,2017,326,NAICS 326 - Plastics and Rubber,28,1624908.752358419,INFO,
9,SC,2017,332,NAICS 332 - Fabricated Metals,32,1102369.453518,INFO,
10,SC,2017,4247,NAICS 4247 - Petroleum Bulk Terminals,15,3398.28,INFO,
11,SC,2017,337,NAICS 337 - Furniture,1,49072.0,INFO,
12,SC,2017,313,NAICS 313 - Textiles,17,680882.18,INFO,
13,SC,2017,339,NAICS 339 - Miscellaneous Manufacturing,5,155977.18,INFO,
14,SC,2017,2211,NAICS 2211 - Electric Utilities,21,2269345.200015235,INFO,
15,SC,2017,327,NAICS 327 - Nonmetallic Mineral Product,103,1220003.6017747573,INFO,
16,SC,2017,331,NAICS 331 - Primary Metals,42,4139769.281660193,INFO,
17,SC,2017,322,NAICS 322 - Paper,36,11054026.300246444,INFO,
18,SC,2017,999,NAICS 999 - Other,15,621194.4820300001,INFO,
19,SC,2017,321,NAICS 321 - Wood Products,17,579745.0190056195,INFO,
20,SC,2017,324,NAICS 324 - Petroleum,3,19.42,INFO,
21,SC,2017,562,NAICS 562 - Hazardous Waste,13,124467.20199999999,INFO,
0,SD,2017,325,NAICS 325 - Chemicals,16,282611.38587809994,INFO,
1,SD,2017,332,NAICS 332 - Fabricated Metals,10,33041.405,INFO,
2,SD,2017,334,NAICS 334 - Computers/Electronics Products,3,3.0970009999999997,INFO,
3,SD,2017,2122,NAICS 2122 - Metal Mining,8,1216807.93,INFO,
4,SD,2017,333,NAICS 333 - Machinery,7,2109.43473,INFO,
5,SD,2017,999,NAICS 999 - Other,2,35.3,INFO,
6,SD,2017,336,NAICS 336 - Transportation Equipment,8,591.1709999999999,INFO,
7,SD,2017,337,NAICS 337 - Furniture,6,258787.82,INFO,
8,SD,2017,326,NAICS 326 - Plastics and Rubber,2,56944.0,INFO,
9,SD,2017,327,NAICS 327 - Nonmetallic Mineral Product,14,58150.87176063074,INFO,
10,SD,2017,339,NAICS 339 - Miscellaneous Manufacturing,7,48085.0,INFO,
11,SD,2017,2211,NAICS 2211 - Electric Utilities,10,533448.3906020848,INFO,
12,SD,2017,3121,NAICS 3121 - Beverages,3,13612.4,INFO,
13,SD,2017,321,NAICS 321 - Wood Products,5,1328.0,INFO,
14,SD,2017,311,NAICS 311 - Food,12,3862878.4,INFO,
15,SD,2017,331,NAICS 331 - Primary Metals,10,41276.64024930471,INFO,
0,TN,2017,325,NAICS 325 - Chemicals,151,21999796.269164857,INFO,
1,TN,2017,999,NAICS 999 - Other,11,5432391.2133,INFO,
2,TN,2017,331,NAICS 331 - Primary Metals,50,5806909.209672235,INFO,
3,TN,2017,332,NAICS 332 - Fabricated Metals,37,1181572.5198889999,INFO,
4,TN,2017,4247,NAICS 4247 - Petroleum Bulk Terminals,26,30632.941166000004,INFO,
5,TN,2017,4246,NAICS 4246 - Chemical Wholesalers,31,12589.3,INFO,
6,TN,2017,323,NAICS 323 - Printing,6,93140.8284,INFO,
7,TN,2017,3122,NAICS 3122 - Tobacco,2,75858.5,INFO,
8,TN,2017,2122,NAICS 2122 - Metal Mining,10,21087716.419336,INFO,
9,TN,2017,327,NAICS 327 - Nonmetallic Mineral Product,31,158461.01983757864,INFO,
10,TN,2017,335,NAICS 335 - Electrical Equipment,31,437102.61222,INFO,
11,TN,2017,339,NAICS 339 - Miscellaneous Manufacturing,14,280427.4411,INFO,
12,TN,2017,313,NAICS 313 - Textiles,11,181006.22,INFO,
13,TN,2017,2211,NAICS 2211 - Electric Utilities,24,9507962.900027711,INFO,
14,TN,2017,337,NAICS 337 - Furniture,4,7.8406,INFO,
15,TN,2017,314,NAICS 314 - Textile Product,2,8912.978000000001,INFO,
16,TN,2017,311,NAICS 311 - Food,19,1324657.971,INFO,
17,TN,2017,324,NAICS 324 - Petroleum,41,633036.550002264,INFO,
18,TN,2017,321,NAICS 321 - Wood Products,7,8830.59,INFO,
19,TN,2017,3121,NAICS 3121 - Beverages,3,2.200004240658205,INFO,
20,TN,2017,336,NAICS 336 - Transportation Equipment,48,2935570.857467,INFO,
21,TN,2017,334,NAICS 334 - Computers/Electronics Products,11,16876.251,INFO,
22,TN,2017,562,NAICS 562 - Hazardous Waste,41,3072642.712,INFO,
23,TN,2017,326,NAICS 326 - Plastics and Rubber,39,3799666.1839294,INFO,
24,TN,2017,322,NAICS 322 - Paper,30,5214045.583934663,INFO,
25,TN,2017,333,NAICS 333 - Machinery,21,142294.0681,INFO,
26,TN,2017,316,NAICS 316 - Leather,3,1004.195,INFO,
0,TX,2017,334,NAICS 334 - Computers/Electronics Products,22,541043.4473,INFO,
1,TX,2017,322,NAICS 322 - Paper,29,5432929.146950355,INFO,
2,TX,2017,4247,NAICS 4247 - Petroleum Bulk Terminals,37,449442.291,INFO,
3,TX,2017,324,NAICS 324 - Petroleum,85,21859975.24699736,INFO,
4,TX,2017,335,NAICS 335 - Electrical Equipment,21,93545.92557200001,INFO,
5,TX,2017,339,NAICS 339 - Miscellaneous Manufacturing,13,82000.59098,INFO,
6,TX,2017,333,NAICS 333 - Machinery,29,327527.379537,INFO,
7,TX,2017,323,NAICS 323 - Printing,5,21983.4512,INFO,
8,TX,2017,321,NAICS 321 - Wood Products,20,500023.05690324266,INFO,
9,TX,2017,327,NAICS 327 - Nonmetallic Mineral Product,36,2337238.4261728604,INFO,
10,TX,2017,325,NAICS 325 - Chemicals,259,122268147.8679396,INFO,
11,TX,2017,316,NAICS 316 - Leather,2,25192.1,INFO,
12,TX,2017,562,NAICS 562 - Hazardous Waste,250,9919333.529830126,INFO,
13,TX,2017,999,NAICS 999 - Other,47,1240865.599305,INFO,
14,TX,2017,326,NAICS 326 - Plastics and Rubber,46,2227273.269625,INFO,
15,TX,2017,332,NAICS 332 - Fabricated Metals,47,2845330.270972,INFO,
16,TX,2017,4246,NAICS 4246 - Chemical Wholesalers,78,329344.7155,INFO,
17,TX,2017,313,NAICS 313 - Textiles,4,11361.9,INFO,
18,TX,2017,2211,NAICS 2211 - Electric Utilities,53,28794680.103113763,INFO,
19,TX,2017,3121,NAICS 3121 - Beverages,7,39731.00000069089,INFO,
20,TX,2017,337,NAICS 337 - Furniture,7,45221.67,INFO,
21,TX,2017,331,NAICS 331 - Primary Metals,51,2556741.970102513,INFO,
22,TX,2017,311,NAICS 311 - Food,19,6440778.067000001,INFO,
23,TX,2017,336,NAICS 336 - Transportation Equipment,49,979662.712,INFO,
0,UT,2017,311,NAICS 311 - Food,9,188890.41,INFO,
1,UT,2017,326,NAICS 326 - Plastics and Rubber,7,62811.71516,INFO,
2,UT,2017,4246,NAICS 4246 - Chemical Wholesalers,10,12040.47,INFO,
3,UT,2017,2122,NAICS 2122 - Metal Mining,20,235574141.66000172,INFO,
4,UT,2017,2211,NAICS 2211 - Electric Utilities,23,4897510.950044747,INFO,
5,UT,2017,327,NAICS 327 - Nonmetallic Mineral Product,14,294027.2075763937,INFO,
6,UT,2017,331,NAICS 331 - Primary Metals,41,46189254.06521971,INFO,
7,UT,2017,562,NAICS 562 - Hazardous Waste,121,16239403.400974972,INFO,
8,UT,2017,325,NAICS 325 - Chemicals,30,462337.695,INFO,
9,UT,2017,334,NAICS 334 - Computers/Electronics Products,18,282825.932066,INFO,
10,UT,2017,339,NAICS 339 - Miscellaneous Manufacturing,8,6619.8930185,INFO,
11,UT,2017,4247,NAICS 4247 - Petroleum Bulk Terminals,20,10418.874,INFO,
12,UT,2017,999,NAICS 999 - Other,16,84761.67280055537,INFO,
13,UT,2017,324,NAICS 324 - Petroleum,41,793038.5571903669,INFO,
14,UT,2017,336,NAICS 336 - Transportation Equipment,15,239837.23000616065,INFO,
15,UT,2017,322,NAICS 322 - Paper,2,187.30000004239685,INFO,
16,UT,2017,333,NAICS 333 - Machinery,7,141.642,INFO,
17,UT,2017,321,NAICS 321 - Wood Products,3,5.372000000000001,INFO,
18,UT,2017,332,NAICS 332 - Fabricated Metals,15,45712.9325,INFO,
19,UT,2017,2121,NAICS 2121 - Coal Mining,2,0.2028,INFO,
0,VT,2017,326,NAICS 326 - Plastics and Rubber,7,46053.0,INFO,
1,VT,2017,336,NAICS 336 - Transportation Equipment,8,68995.78,INFO,
2,VT,2017,335,NAICS 335 - Electrical Equipment,9,132.41248000000002,INFO,
3,VT,2017,324,NAICS 324 - Petroleum,3,11.6,INFO,
4,VT,2017,337,NAICS 337 - Furniture,1,9.965,INFO,
5,VT,2017,339,NAICS 339 - Miscellaneous Manufacturing,1,0.0,INFO,
6,VT,2017,334,NAICS 334 - Computers/Electronics Products,11,168156.975,INFO,
7,VT,2017,999,NAICS 999 - Other,2,32441.52,INFO,
8,VT,2017,333,NAICS 333 - Machinery,7,375.0,INFO,
9,VT,2017,562,NAICS 562 - Hazardous Waste,3,1.0,INFO,
10,VT,2017,311,NAICS 311 - Food,10,140549.71,INFO,
11,VT,2017,325,NAICS 325 - Chemicals,6,838.0,INFO,
12,VT,2017,322,NAICS 322 - Paper,6,9021.34115,INFO,
0,VA,2017,336,NAICS 336 - Transportation Equipment,23,528998.51085,INFO,
1,VA,2017,335,NAICS 335 - Electrical Equipment,7,17107.363,INFO,
2,VA,2017,314,NAICS 314 - Textile Product,3,335.4,INFO,
3,VA,2017,321,NAICS 321 - Wood Products,18,231358.2244815483,INFO,
4,VA,2017,324,NAICS 324 - Petroleum,6,21389.823036,INFO,
5,VA,2017,325,NAICS 325 - Chemicals,92,3635612.009020077,INFO,
6,VA,2017,334,NAICS 334 - Computers/Electronics Products,15,50024.8316,INFO,
7,VA,2017,4246,NAICS 4246 - Chemical Wholesalers,23,2815.0,INFO,
8,VA,2017,4247,NAICS 4247 - Petroleum Bulk Terminals,20,48775.76,INFO,
9,VA,2017,3122,NAICS 3122 - Tobacco,5,496737.2,INFO,
10,VA,2017,331,NAICS 331 - Primary Metals,24,2711789.128258839,INFO,
11,VA,2017,339,NAICS 339 - Miscellaneous Manufacturing,7,8324.46,INFO,
12,VA,2017,333,NAICS 333 - Machinery,11,27401.6151,INFO,
13,VA,2017,332,NAICS 332 - Fabricated Metals,32,1735654.8290000001,INFO,
14,VA,2017,311,NAICS 311 - Food,16,2358476.61,INFO,
15,VA,2017,323,NAICS 323 - Printing,10,93531.0964,INFO,
16,VA,2017,337,NAICS 337 - Furniture,8,340599.1023,INFO,
17,VA,2017,313,NAICS 313 - Textiles,7,5764.1082,INFO,
18,VA,2017,3121,NAICS 3121 - Beverages,3,64145.6,INFO,
19,VA,2017,2211,NAICS 2211 - Electric Utilities,21,3259161.2411217634,INFO,
20,VA,2017,326,NAICS 326 - Plastics and Rubber,29,1719503.765,INFO,
21,VA,2017,322,NAICS 322 - Paper,25,7014669.523349473,INFO,
22,VA,2017,327,NAICS 327 - Nonmetallic Mineral Product,23,968774.1617539336,INFO,
23,VA,2017,999,NAICS 999 - Other,41,10278441.812626516,INFO,
24,VA,2017,562,NAICS 562 - Hazardous Waste,8,87.60168,INFO,
0,WA,2017,2211,NAICS 2211 - Electric Utilities,15,142293.4800114109,INFO,
1,WA,2017,324,NAICS 324 - Petroleum,49,858400.0860354119,INFO,
2,WA,2017,336,NAICS 336 - Transportation Equipment,34,570647.2629608001,INFO,
3,WA,2017,339,NAICS 339 - Miscellaneous Manufacturing,6,0.0,INFO,
4,WA,2017,999,NAICS 999 - Other,21,6393113.161,INFO,
5,WA,2017,335,NAICS 335 - Electrical Equipment,6,59525.2149,INFO,
6,WA,2017,2122,NAICS 2122 - Metal Mining,9,11497804.625,INFO,
7,WA,2017,562,NAICS 562 - Hazardous Waste,33,520526.177339662,INFO,
8,WA,2017,334,NAICS 334 - Computers/Electronics Products,12,101873.08050560001,INFO,
9,WA,2017,337,NAICS 337 - Furniture,4,2255.0,INFO,
10,WA,2017,4246,NAICS 4246 - Chemical Wholesalers,10,999.0,INFO,
11,WA,2017,321,NAICS 321 - Wood Products,21,118607.8621501512,INFO,
12,WA,2017,326,NAICS 326 - Plastics and Rubber,14,336087.921142,INFO,
13,WA,2017,327,NAICS 327 - Nonmetallic Mineral Product,13,39368.076775400004,INFO,
14,WA,2017,331,NAICS 331 - Primary Metals,32,1435588.610201896,INFO,
15,WA,2017,332,NAICS 332 - Fabricated Metals,21,505349.694655,INFO,
16,WA,2017,4247,NAICS 4247 - Petroleum Bulk Terminals,19,23853.11,INFO,
17,WA,2017,313,NAICS 313 - Textiles,1,250.0,INFO,
18,WA,2017,333,NAICS 333 - Machinery,9,41727.289,INFO,
19,WA,2017,322,NAICS 322 - Paper,28,6337994.375027127,INFO,
20,WA,2017,311,NAICS 311 - Food,12,1216736.0,INFO,
21,WA,2017,325,NAICS 325 - Chemicals,36,2130490.556,INFO,
0,WV,2017,311,NAICS 311 - Food,5,500.0,INFO,
1,WV,2017,323,NAICS 323 - Printing,5,142487.9,INFO,
2,WV,2017,324,NAICS 324 - Petroleum,36,756697.2281,INFO,
3,WV,2017,326,NAICS 326 - Plastics and Rubber,11,273521.0,INFO,
4,WV,2017,322,NAICS 322 - Paper,3,1216.1,INFO,
5,WV,2017,2121,NAICS 2121 - Coal Mining,14,785249.939,INFO,
6,WV,2017,336,NAICS 336 - Transportation Equipment,11,14912.08,INFO,
7,WV,2017,4246,NAICS 4246 - Chemical Wholesalers,9,3057.0,INFO,
8,WV,2017,999,NAICS 999 - Other,20,1087432.48,INFO,
9,WV,2017,334,NAICS 334 - Computers/Electronics Products,1,0.049,INFO,
10,WV,2017,339,NAICS 339 - Miscellaneous Manufacturing,3,36.59,INFO,
11,WV,2017,321,NAICS 321 - Wood Products,12,25553.065025900545,INFO,
12,WV,2017,325,NAICS 325 - Chemicals,99,2640615.461165643,INFO,
13,WV,2017,331,NAICS 331 - Primary Metals,29,1859808.3175416675,INFO,
14,WV,2017,333,NAICS 333 - Machinery,6,7.893,INFO,
15,WV,2017,2211,NAICS 2211 - Electric Utilities,26,21282581.077057283,INFO,
16,WV,2017,337,NAICS 337 - Furniture,6,98815.1,INFO,
17,WV,2017,562,NAICS 562 - Hazardous Waste,4,6.0,INFO,
18,WV,2017,327,NAICS 327 - Nonmetallic Mineral Product,15,811104.3390365,INFO,
19,WV,2017,332,NAICS 332 - Fabricated Metals,22,461590.617,INFO,
20,WV,2017,4247,NAICS 4247 - Petroleum Bulk Terminals,16,6608.143,INFO,
21,WV,2017,3122,NAICS 3122 - Tobacco,1,2750.0,INFO,
22,WV,2017,335,NAICS 335 - Electrical Equipment,2,2707.678,INFO,
0,WI,2017,311,NAICS 311 - Food,17,6137549.1741,INFO,
1,WI,2017,327,NAICS 327 - Nonmetallic Mineral Product,23,516541.0794,INFO,
2,WI,2017,333,NAICS 333 - Machinery,29,198569.04190210003,INFO,
3,WI,2017,331,NAICS 331 - Primary Metals,42,6419528.706427221,INFO,
4,WI,2017,324,NAICS 324 - Petroleum,21,158874.4715861,INFO,
5,WI,2017,2211,NAICS 2211 - Electric Utilities,23,4775115.286409514,INFO,
6,WI,2017,323,NAICS 323 - Printing,12,392041.52,INFO,
7,WI,2017,334,NAICS 334 - Computers/Electronics Products,21,114057.37010019999,INFO,
8,WI,2017,325,NAICS 325 - Chemicals,107,2822296.29952,INFO,
9,WI,2017,321,NAICS 321 - Wood Products,21,282899.64040005056,INFO,
10,WI,2017,322,NAICS 322 - Paper,46,6429929.24935002,INFO,
11,WI,2017,335,NAICS 335 - Electrical Equipment,18,90586.8222,INFO,
12,WI,2017,4246,NAICS 4246 - Chemical Wholesalers,29,7934.446,INFO,
13,WI,2017,337,NAICS 337 - Furniture,12,86988.22,INFO,
14,WI,2017,332,NAICS 332 - Fabricated Metals,44,3503078.755006,INFO,
15,WI,2017,316,NAICS 316 - Leather,5,56503.2,INFO,
16,WI,2017,3121,NAICS 3121 - Beverages,1,0.0,INFO,
17,WI,2017,336,NAICS 336 - Transportation Equipment,32,542219.5853472,INFO,
18,WI,2017,326,NAICS 326 - Plastics and Rubber,36,580801.8759,INFO,
19,WI,2017,313,NAICS 313 - Textiles,3,7393.0,INFO,
20,WI,2017,999,NAICS 999 - Other,24,158524.06,INFO,
21,WI,2017,4247,NAICS 4247 - Petroleum Bulk Terminals,16,11226.394171799999,INFO,
22,WI,2017,562,NAICS 562 - Hazardous Waste,28,21222.92207966036,INFO,
23,WI,2017,339,NAICS 339 - Miscellaneous Manufacturing,8,18896.5705,INFO,
0,WY,2017,326,NAICS 326 - Plastics and Rubber,4,7660.91,INFO,
1,WY,2017,339,NAICS 339 - Miscellaneous Manufacturing,9,19850.4,INFO,
2,WY,2017,335,NAICS 335 - Electrical Equipment,2,3610.6,INFO,
3,WY,2017,311,NAICS 311 - Food,1,117319.0,INFO,
4,WY,2017,331,NAICS 331 - Primary Metals,4,1019.0,INFO,
5,WY,2017,332,NAICS 332 - Fabricated Metals,5,285668.09,INFO,
6,WY,2017,2211,NAICS 2211 - Electric Utilities,33,11001956.908087134,INFO,
7,WY,2017,999,NAICS 999 - Other,8,23702.83,INFO,
8,WY,2017,324,NAICS 324 - Petroleum,36,476122.92480592325,INFO,
9,WY,2017,327,NAICS 327 - Nonmetallic Mineral Product,5,1188.2060001166885,INFO,
10,WY,2017,4246,NAICS 4246 - Chemical Wholesalers,6,618.7,INFO,
11,WY,2017,325,NAICS 325 - Chemicals,22,8272139.580074,INFO,
12,WY,2017,4247,NAICS 4247 - Petroleum Bulk Terminals,13,126.48899999999999,INFO,
13,WY,2017,2121,NAICS 2121 - Coal Mining,2,9.767000000000001,INFO,
14,WY,2017,333,NAICS 333 - Machinery,1,10.0,INFO,
